id,name,author,title,description,url,publishedAt,content
abc-news,ABC News,Mary Kekatos,"About 18 million US adults have had long COVID, CDC report finds","Two new CDC reports, published Tuesday, found that 6.9% of adults and 1.5% of children have had long COVID in the U.S.",https://abcnews.go.com/Health/18-million-us-adults-long-covid-cdc/story?id=103464362,2023-09-26T04:01:44Z,"Millions of Americans say they've had long COVID, and some say they're still battling it, according to new federal data.
Two new reports, published early Tuesday by the Centers for Disease Control a… [+3280 chars]"
new-scientist,New Scientist,Clare Wilson,Has the risk of getting long covid been overestimated?,Studies that failed to compare rates of long covid symptoms after infection with baseline rates in the population made the prevalence of the condition seem higher than it really is,https://www.newscientist.com/article/2393962-has-the-risk-of-getting-long-covid-been-overestimated/,2023-09-27T10:30:15Z,"Some people continue to experience symptoms long after a covid-19 infection
Jikaboom/iStockphoto/Getty Images
If you are infected with the coronavirus, how likely are you to develop long covid? It … [+5265 chars]"
abc-news,ABC News,ABC News,Tests may be able to identify prolonged COVID symptoms in the future: Scientists,Scientists say some tests may be able to identify the markers of prolonged COVID symptoms in the future.,https://abcnews.go.com/Health/scientists-tests-identify-markers-prolonged-covid-symptoms-future/story?id=103509942,2023-09-27T00:48:15Z,"While there is no specific test to determine if someone is experiencing long COVID, a new study published in Nature used blood tests to find new insight into what biological markers are associated wi… [+3470 chars]"
wired,Wired,Ashley Shew,Why Aren't Disabled Astronauts Exploring Space?,Journeying into the future will require embracing disability—and recognizing its power in our changing world.,https://www.wired.com/story/ashley-shew-disability-space-exploration/,2023-09-26T13:00:00Z,"Today, young people are becoming disabled in record numbers with all the various impacts of long Covid, which is estimated to affect between 8 and 25 percent of people who have been infected. The dis… [+4253 chars]"
bbc-news,BBC News,https://www.facebook.com/bbcnews,Long Covid: MRI scans reveal new clues to symptoms,Further evidence emerges that a serious infection can leave some major organs with long-term damage.,https://www.bbc.co.uk/news/health-66890505,2023-09-22T23:50:20Z,"People living with long Covid after being admitted to hospital are more likely to show some damage to major organs, according to a new study. 
MRI scans revealed patients were three times more likel… [+3214 chars]"
,[Removed],,[Removed],[Removed],https://removed.com,1970-01-01T00:00:00Z,[Removed]
cbs-news,CBS News,Sara Moniuszko,"""Long colds"" may exist, researchers find while studying long COVID","Researchers found that people with acute respiratory infections who tested negative for COVID-19 could still experience long-term symptoms including coughing, stomach pain and diarrhea.",https://www.cbsnews.com/news/long-colds-may-exist-like-long-covid-researchers-studying-symptoms/,2023-10-06T17:27:07Z,"Some people may experience ""long colds,"" or long-term symptoms following common colds, flu, pneumonia or other respiratory illnesses, similar to the pattern seen in long COVID, according to a new stu… [+2964 chars]"
cbs-news,CBS News,CBS News,"Nearly 9 million Americans have long COVID, CDC says",Reports published Tuesday by the Centers for Disease Control and Prevention say nearly 18 million Americans experienced symptoms of long COVID — when symptoms remain for at least four weeks after a patient has cleared the infection — in 2022 and nearly 9 mill…,https://www.cbsnews.com/video/long-covid-cdc-9-million-americans/,2023-09-27T13:57:00Z,"Watch CBS News
Copyright ©2023 CBS Interactive Inc. All rights reserved.
Get browser notifications for breaking news, live events, and exclusive reporting.
Not NowTurn On"
,[Removed],,[Removed],[Removed],https://removed.com,1970-01-01T00:00:00Z,[Removed]
,[Removed],,[Removed],[Removed],https://removed.com,1970-01-01T00:00:00Z,[Removed]
,[Removed],,[Removed],[Removed],https://removed.com,1970-01-01T00:00:00Z,[Removed]
,[Removed],,[Removed],[Removed],https://removed.com,1970-01-01T00:00:00Z,[Removed]
cbs-news,CBS News,Sara Moniuszko,"Long COVID has affected nearly 7% of U.S. adults, CDC survey data finds",The survey suggests nearly 18 million American adults have suffered from long COVID at some point since the pandemic began — and children can be affected too.,https://www.cbsnews.com/news/long-covid-americans-new-cdc-survey-data/,2023-09-26T17:32:05Z,"Millions of Americans report having long COVID, either previously or at the time of being surveyed, according to new data from the the Centers for Disease Control and Prevention's National Center for… [+3592 chars]"
abc-news-au,ABC News (AU),ABC News,What to do if you think your child has long COVID,"Most children recover fully after COVID in a similar way to other viruses. A small proportion experience prolonged symptoms including fatigue, post-exertional malaise, concentration difficulties and pain, writes Shidan Tosif.",https://www.abc.net.au/news/2023-09-30/long-covid-kids-what-do-we-know-what-to-do/102917130,2023-09-30T02:24:07Z,"While COVID in children has generally been milder than in adults, there are concerns long COVID may be a major consequence for children and young people arising from the pandemic.
Long COVID, also k… [+5863 chars]"
usa-today,USA Today,Josie Goodrich,How To Cure 'Brain Fog' Using These Super Easy Expert Tips,"Brain fog is a symptom characterized by feelings of fuzziness, difficulty thinking and fatigue — typically after a bad bout of flu or COVID.",https://www.usatoday.com/story/life/health-wellness/2023/10/06/what-is-brain-fog/70466894007/,2023-10-06T16:40:31Z,"Most people have experienced jet lag that sluggish feeling in your brain where you are tired and cant really think straight.
The same sort of fuzzy feeling can happen when you get the flu, or like m… [+3198 chars]"
,[Removed],,[Removed],[Removed],https://removed.com,1970-01-01T00:00:00Z,[Removed]
politico,Politico,Arek Sarkissian,"Florida surgeon general rejects FDA guidance, urges people under 65 not to get Covid booster",Previous guidance by Joe Ladapo has been widely rejected by the medical community.,https://www.politico.com/news/2023/09/13/florida-surgeon-general-fda-covid-booster-00115781,2023-09-13T22:21:20Z,"Previous guidance by Ladapo about Covid-19 vaccine safety has been widely rejected by the medical community. Daniel Salmon, director of the Institute for Vaccine Safety at Johns Hopkins University, s… [+4143 chars]"
,[Removed],,[Removed],[Removed],https://removed.com,1970-01-01T00:00:00Z,[Removed]
the-irish-times,The Irish Times,,Long Covid study: Scans reveal multiple organ abnormalities months after infection,"People suffering with condition should feel hopeful that answers emerging in ongoing studies, says researcher",https://www.irishtimes.com/health/2023/09/23/long-covid-study-scans-reveal-multiple-organ-abnormalities-months-after-infection/,2023-09-23T10:13:24Z,A study looking at the longer-term impact of Covid-19 has found that nearly a third of patients who were admitted to hospital with the virus had abnormalities in multiple organs five months after inf… [+4326 chars]
fortune,Fortune,Erin Prater,Have a cold you can’t seem to shake? Long COVID is a thing—and ‘long cold’ may be too,"Conditions like colds, the flu, pneumonia, and bronchitis could cause long-term lingering symptoms just like COVID, researchers say.",https://fortune.com/well/2023/10/06/flu-pneumonia-can-cause-long-covid-like-syndrome-long-cold/,2023-10-06T21:25:54Z,"Have you ever had a cold you just couldnt shake for weeks on endone that definitely wasnt COVID?Long COVIDlingering symptoms after a SARS-CoV-2 infection that can last for weeks, months, or even year… [+1955 chars]"
,[Removed],,[Removed],[Removed],https://removed.com,1970-01-01T00:00:00Z,[Removed]
nbc-news,NBC News,Erika Edwards,"A long Covid blood test is possible, new research suggests",Scientists can now spot key differences in the blood of people who have long Covid symptoms— and those who don't.,https://www.nbcnews.com/health/health-news/long-covid-differences-blood-test-study-finds-rcna116871,2023-09-25T15:01:29Z,"More than three years into the pandemic, the millions of people who have suffered from long Covid finally have scientific proof that their condition is real. 
Scientists have found clear differences… [+4595 chars]"
,[Removed],,[Removed],[Removed],https://removed.com,1970-01-01T00:00:00Z,[Removed]
,[Removed],,[Removed],[Removed],https://removed.com,1970-01-01T00:00:00Z,[Removed]
the-jerusalem-post,The Jerusalem Post,By JERUSALEM POST STAFF,Long-COVID may not be the only long-term respiratory illness - study,"Other long-term effects from respiratory infections are going unrecognized, but as of yet symptoms for such effects are unknown.",https://www.jpost.com/health-and-wellness/coronavirus/article-762031,2023-10-07T01:52:49Z,"Researchers at London's Queen Mary University have found that COVID may not be the only respiratory disease with long-term effects, with several others also showing evidence of long-term aftereffects… [+2073 chars]"
cbc-news,CBC News,,"Rapid tests are less accessible even as COVID wave ramps up across Canada, doctors say","Some people are having a hard time finding rapid tests in rural and urban communities across Canada. Amid a spike in COVID-19 cases this fall, doctors say accessible availability of tests and better communication from public health officials is key to keeping…",https://www.cbc.ca/news/health/rapid-tests-less-accessible-1.6980369,2023-09-28T08:00:00Z,"A couple of weeks ago, Andrew Longhurst and his family started to feel worse for wear. 
Wanting to test themselves for COVID-19, Longhurst, who lives with his wife and four-year-old son in Roberts C… [+6970 chars]"
nbc-news,NBC News,Linda Carroll,"It's not just long Covid: Symptoms can linger after other illnesses, leading to 'long colds'","How long do cold and flu symptoms last? New research finds that lingering cold symptoms can lead to a syndrome similar to long Covid, in this case, long colds.",https://www.nbcnews.com/health/health-news/long-cold-symptoms-last-long-covid-people-can-develop-long-colds-rcna119041,2023-10-06T09:00:00Z,"The coronavirus isnt the only pathogen that can cause symptoms that last months, or even years, after an initial infection is overcome, a new study published Friday in The Lancets eClinicalMedicine s… [+5603 chars]"
,[Removed],,[Removed],[Removed],https://removed.com,1970-01-01T00:00:00Z,[Removed]
medical-news-today,Medical News Today,Robby Berman,Long COVID: Can creatine supplements help improve fatigue?,"Creatine supplements may help improve a range of long COVID symptoms, including fatigue, aches, and loss of taste, a new study suggests.",https://www.medicalnewstoday.com/articles/can-creatine-supplements-help-people-with-long-covid,2023-09-26T14:45:49Z,"<ul><li>Dietary creatine may improve the fatigue associated with long COVID and other symptoms, according to a small new study.</li><li>Creatinenowadays often used as a workout supplementplays an imp… [+5780 chars]"
medical-news-today,Medical News Today,Elizabeth Pratt,"Long colds vs. long COVID: The differences, similarities in symptoms",Researchers say the long-term symptoms from acute respiratory illnesses not related to COVID-19 may be getting ignored due to the attention on long COVID,https://www.medicalnewstoday.com/articles/cold-and-respiratory-virus-symptoms-can-also-linger-like-long-covid,2023-10-06T10:38:00Z,<ul><li>Researchers say there may be lasting health impacts from non-COVID acute respiratory illnesses that are going unrecognized.</li><li>Those who have an acute respiratory illness but test negati… [+7150 chars]
cbc-news,CBC News,,Up to 10% of Quebec health-care workers have experienced long COVID: study,"More than 26,000 of Quebec's 400,000 health-care workers participated in online or telephone surveys, conducted between May and July. The study found that three-quarters of respondents have had COVID-19 at least once and 10 per cent of those workers still had…",https://www.cbc.ca/news/canada/montreal/long-covid-quebec-health-care-workers-1.6974843,2023-09-22T00:08:57Z,"A study by Quebec's public health institute has found that between six and 10 per cent of the province's health-care workers have experienced long COVID.
The study, whose preliminary results were pr… [+852 chars]"
cbc-news,CBC News,,"What are the risks of catching COVID over and over? It's complicated, researchers say","In many ways, it feels like we tamed SARS-CoV-2 into submission. Yet this virus continues to circulate year-round, causing repeat infections, with few official measures still in place to curb its spread. Scientists warn the long-term toll on individuals' heal…",https://www.cbc.ca/news/health/researchers-are-still-untangling-the-risks-of-catching-covid-over-and-over-1.6978689,2023-09-30T08:00:03Z,"This story is part of CBC Health's Second Opinion, a weekly analysis of health and medical science news emailed to subscribers on Saturday mornings. If you haven't subscribed yet, you can do that by … [+11709 chars]"
,[Removed],,[Removed],[Removed],https://removed.com,1970-01-01T00:00:00Z,[Removed]
business-insider,Business Insider,tcarter@insider.com (Tom Carter),Instagram's Threads never wanted to be a platform for hard news or politics. Now it's blocking searches about COVID-19.,Meta has temporarily blocked searches for COVID-19-related topics on Threads after rolling out a new search tool for its X rival.,https://www.businessinsider.com/meta-instragram-threads-blocks-searches-about-covid-political-news-19-2023-9,2023-09-12T10:38:16Z,"Meta has temporarily blocked searches for COVID-19-related topics on Threads as cases in the US rise after rolling out a new search tool for its X, formerly Twitter, rival. 
Attempts to search ""Covi… [+2334 chars]"
cbc-news,CBC News,Amina Zafar,Rehab programs can improve quality of life for patients struggling with long COVID: research,"New findings indicate how exercise helps people living with long COVID walk further and faster. Such patients commonly report that they have a hard time handling long or strenuous walks, which in turn hampers their quality of life.",https://www.cbc.ca/news/health/post-covid-condition-exercise-review-1.6974189,2023-09-22T08:00:00Z,"People struggling with long COVID tend to be able to walk longer and further when they do individualized exercises, a new review suggests.
When symptoms such as fatigue, headache and shortness of br… [+4540 chars]"
,[Removed],,[Removed],[Removed],https://removed.com,1970-01-01T00:00:00Z,[Removed]
the-times-of-india,The Times of India,PTI,A dose of creatine may help relieve long Covid symptoms,"Creatine is already shown to be safe and has minimal side-effects. It's also reasonably inexpensive and easy to take each day. Given there are still limited treatments for long COVID, this is certainly a worthwhile area to investigate further.",https://economictimes.indiatimes.com/magazines/panache/a-dose-of-creatine-may-help-relieve-long-covid-symptoms/articleshow/104031328.cms,2023-09-29T03:08:08Z,"Creatine supplements are popular among fitness enthusiasts. It's no wonder, with research showing it may help improve strength and power, and support recovery between workouts. Given its many benefit… [+4726 chars]"
cbc-news,CBC News,Dennis Kovtun,"Incidence of long COVID 'strikingly low' in children, Alberta researchers find","""It's reassuring that in our study we found that most kids resolve symptoms within two weeks,"" said lead author Lyndsey Hahn, a postdoctoral fellow in the pediatrics department of the University of Alberta's faculty of medicine and dentistry.",https://www.cbc.ca/news/canada/edmonton/incidence-of-long-covid-strikingly-low-in-children-alberta-researchers-find-1.6975858,2023-09-24T15:00:00Z,"New research from the University of Alberta has found a ""strikingly low"" incidence of long COVID among children ages eight to 13 who contracted COVID-19.
""It's reassuring that in our study we found … [+4203 chars]"
,[Removed],,[Removed],[Removed],https://removed.com,1970-01-01T00:00:00Z,[Removed]
,[Removed],,[Removed],[Removed],https://removed.com,1970-01-01T00:00:00Z,[Removed]
,[Removed],,[Removed],[Removed],https://removed.com,1970-01-01T00:00:00Z,[Removed]
new-york-magazine,New York Magazine,John Herrman,Social Media Drops the ‘Digital Town Square’ Routine,"Every platform used to be for everyone, but those days are gone. That Meta’s Twitter competitor, Threads, is blocking searches for “vaccines” is but the latest example of big social media companies trying to move on from messy discourse.",http://nymag.com/intelligencer/2023/09/social-media-drops-the-digital-town-square-routine.html,2023-09-16T16:30:19Z,"Im guessing you dont need to be told that Threads, Metas uncanny competitor to the site formerly known as Twitter, is not a top-tier source for the latest science news or for advice about your person… [+10186 chars]"
cbc-news,CBC News,,Canadians are travelling to Mexico for Lyme disease treatments. That worries health experts,"Medical tourism has drawn foreigners to Mexico for decades, but the attraction is no longer limited to breast augmentations, porcelain veneers and rhinoplasties. Clinics are now specializing in alternative treatments for chronic and life-altering diseases, in…",https://www.cbc.ca/news/health/lyme-disease-mexico-treatment-1.6982720,2023-10-09T08:00:00Z,"Medical tourism has drawn foreigners to Mexico for decades, but the attraction is no longer limited to breast augmentations, porcelain veneers and rhinoplasties. 
Clinics are now specializing in alt… [+8939 chars]"
nbc-news,NBC News,Aria Bendix and Katie Mogg and Joe Murphy,Paxlovid may reduce the chance of long Covid. Why don’t doctors prescribe it more?,Long Covid experts agree that the antiviral pill Paxlovid seems to reduce a person's risk of lasting symptoms. But the drug is no longer very widely prescribed.,https://www.nbcnews.com/health/health-news/paxlovid-may-prevent-long-covid-but-not-prescribed-rcna119737,2023-10-12T13:21:59Z,"A consensus has emerged among experts who study and treat long Covid: Paxlovid seems to reduce the risk of lingering symptoms among those eligible to take it.
The idea is intuitive, experts say. Pax… [+7024 chars]"
,[Removed],,[Removed],[Removed],https://removed.com,1970-01-01T00:00:00Z,[Removed]
the-times-of-india,The Times of India,PTI,"'Long colds' show prolonged symptoms similar to long Covid, claims study","A study published in The Lancet's EClinicalMedicine journal suggests that people may experience long-term symptoms after acute respiratory infections that test negative for COVID-19. These symptoms, known as the 'long cold', can include coughing, stomach pain…",https://economictimes.indiatimes.com/magazines/panache/long-colds-show-prolonged-symptoms-similar-to-long-covid-claims-study/articleshow/104219414.cms,2023-10-06T13:48:09Z,"New Delhi, People may experience long-term symptoms -- or 'long colds'-- after acute respiratory infections that test negative for COVID-19, according to a study published in The Lancet's EClinicalMe… [+2170 chars]"
the-times-of-india,The Times of India,PTI,New research discovers blood substances vital for identifying long Covid patients,Scientists have identified blood biomarkers for long Covid that could accurately distinguish patients with the disease. These biomarkers include increased antibody circulation and lower levels of the hormone cortisol.,https://economictimes.indiatimes.com/magazines/panache/new-research-discovers-blood-substances-vital-for-identifying-long-covid-patients/articleshow/103993020.cms,2023-09-27T12:44:22Z,"New Delhi, Blood biomarkers for long Covid, or specific blood substances indicating the disease, have been identified, and could be used to accurately distinguish patients with the disease, scientist… [+2602 chars]"
cbc-news,CBC News,,Former university athlete says COVID stopped him from running — wants people to mask again,"A Tecumseh, Ont., native who brought awareness to the ongoing COVID-19 pandemic by running a marathon while wearing a hospital gown is now dealing with the effects of long COVID.",https://www.cbc.ca/news/canada/windsor/former-university-athlete-covid-stop-running-1.6966950,2023-09-14T19:08:37Z,"A Tecumseh, Ont., native who brought awareness to the ongoing COVID-19 pandemic by running a marathon while wearing a hospital gown is now dealing with the effects of long COVID. 
Evan Ubene, who's … [+5508 chars]"
,[Removed],,[Removed],[Removed],https://removed.com,1970-01-01T00:00:00Z,[Removed]
,[Removed],,[Removed],[Removed],https://removed.com,1970-01-01T00:00:00Z,[Removed]
,[Removed],,[Removed],[Removed],https://removed.com,1970-01-01T00:00:00Z,[Removed]
nbc-news,NBC News,Curtis Bunn,"Getting Covid several times can have an outsize effect on Black people, doctors say","After contracting Covid for the third time, in May 2022, S. Monet Wahls noticed that her usual fall and winter cough became a perpetual, year-round hacking.",https://www.nbcnews.com/news/nbcblk/getting-covid-several-can-outsize-effect-black-people-doctors-say-rcna118400,2023-10-12T19:48:46Z,"After contracting Covid for the third time, in May 2022, S. Monet Wahls noticed that her usual fall and winter cough became a perpetual, year-round hacking. Respiratory issues made sleeping at night … [+5880 chars]"
,[Removed],,[Removed],[Removed],https://removed.com,1970-01-01T00:00:00Z,[Removed]
,[Removed],,[Removed],[Removed],https://removed.com,1970-01-01T00:00:00Z,[Removed]
msnbc,MSNBC,Dr. Esther Choo,"Yes, the new Covid vaccine costs money. Yes, you should get it.","On Monday, the Food and Drug Administration approved the latest Covid vaccines, updated to protect against current strains of the coronavirus.",https://www.msnbc.com/opinion/msnbc-opinion/new-covid-vaccine-booster-released-rcna104860,2023-09-14T10:00:00Z,"On Monday, the Food and Drug Administration approved the latest Covid vaccines, updated to protect against current strains of the coronavirus. The following day, the Centers for Disease Control and P… [+5636 chars]"
newsweek,Newsweek,Sindy Marisol Benavides,"Regardless of Age, Joe Biden Is Still the Right Person To Lead Our Country | Opinion","President Joe Biden has amplified recovery efforts and invested in young people's future, expanded our nation's small businesses, and addressed our nation's battle in the COVID-19 pandemic.",https://www.newsweek.com/regardless-age-joe-biden-still-right-person-lead-our-country-opinion-1825691,2023-09-13T11:00:01Z,"In 1973, Joe Biden, a fresh up-and-coming face in electoral politics, would take the train from Delaware to the nation's capital to be sworn in as the seventh youngest senator in U.S. history. At 30 … [+5819 chars]"
nbc-news,NBC News,Aria Bendix,"Sore throat, then congestion: Common Covid symptoms follow a pattern now, doctors say","Doctors describe a clearer, more consistent pattern of Covid symptoms than they saw in the past. The illness often starts with sore throat and congestion.",https://www.nbcnews.com/health/health-news/covid-symptoms-mild-follow-pattern-doctors-say-rcna105090,2023-09-16T12:00:00Z,"Doctors say they're finding it increasingly difficult to distinguish Covid from allergies or the common cold, even as hospitalizations tick up.
The illness' past hallmarks, such as a dry cough or th… [+5947 chars]"
,[Removed],,[Removed],[Removed],https://removed.com,1970-01-01T00:00:00Z,[Removed]
,[Removed],,[Removed],[Removed],https://removed.com,1970-01-01T00:00:00Z,[Removed]
nbc-news,NBC News,Benjamin Ryan,"As Covid cases rise, what to know about Paxlovid",The Covid antiviral Paxlovid can reduce the risk of hospitalization or death. But there are potential downsides to the medication.,https://www.nbcnews.com/health/health-news/covid-cases-rise-know-paxlovid-rcna104698,2023-09-24T12:00:00Z,Covid cases and hospitalizations have risen again. Some Americans are anxious about possibly getting very sick from the infection. Paxlovid antiviral pills remain an option for mitigating the risk. B… [+8631 chars]
newsweek,Newsweek,Giulia Carbonaro,Is America Going Too Far on COVID Vaccines?,Many countries around the world are recommending a COVID-19 vaccine booster this fall—but the U.S. is the only one that is recommending it for everyone. Why?,https://www.newsweek.com/america-going-too-far-covid-vaccines-1826673,2023-09-14T10:39:51Z,"With cases of COVID-19 in the U.S. once again on the rise, despite government officials finally declaring the end of the health emergency earlier this year, the Centers for Disease Control and Preven… [+7405 chars]"
nbc-news,NBC News,Elizabeth Robinson,Government shutdown looms and David McCallum dies: Morning Rundown,"Kevin McCarthy, government shutdown, New Orleans water, Lahaina wildfires aftermath, Ruby Franke, Jodi Hildebrandt, Gymnastics Ireland, Doja Cat",https://www.nbcnews.com/news/morning-rundown-september-26-rcna117315,2023-09-26T11:11:57Z,Kevin McCarthy battles far-right Republicans and a ticking clock as a government shutdown looms. New Orleans officials fear a drinking water emergency. And an NBC News poll reveals which issues voter… [+7193 chars]
national-geographic,National Geographic,Rachel Fairbank,What is POTS? This strange disorder has doubled since the pandemic,"Millions of people now live with the debilitating disorder, which can be triggered by viral illnesses like COVID-19. And many say the recommended treatment—exercise—has backfired.",https://www.nationalgeographic.com/premium/article/pots-exercise-harm-fatigue-long-covid,2023-10-02T00:00:00Z,"In late 2021, after 18 months of long COVID symptoms, Oonagh Cousins, a member of Great Britain rowing team, was ready to resume training. Shed contracted COVID-19 in early 2020, and although her ini… [+7872 chars]"
the-times-of-india,The Times of India,PTI,Researchers discover pre-existing heart conditions can worsen due to body's inflammatory response to Covid,"Researchers at New York University (NYU) Langone Health have found that Covid-19 can trigger an immune response in the fatty deposits lining the blood vessels of the heart, leading to disrupted blood flow and worsening pre-existing heart conditions.",https://economictimes.indiatimes.com/magazines/panache/researchers-discover-pre-existing-heart-conditions-can-worsen-due-to-bodys-inflammatory-response-to-covid/articleshow/104047932.cms,2023-09-29T13:45:51Z,"New Delhi, Covid infection can trigger a dangerous immune response in the hard fatty deposits, called plaques, lining the interiors of the heart's blood vessels, which can disrupt the normal blood fl… [+2054 chars]"
bbc-news,BBC News,,Nagorno-Karabakh: aid arrives amidst worsening conditions,"The Red Cross has managed to deliver seventy tonnes of aid to Nagorno-Karabakh for the first time since Azerbaijan captured the disputed territory this week. Some have sought refuge in the main city amidst dwindling food, medicine and fuel supplies. 
 
Also o…",https://www.bbc.co.uk/programmes/w172z09m7dgd7t5,2023-09-23T21:13:00Z,The Red Cross has managed to deliver seventy tonnes of aid to Nagorno-Karabakh for the first time since Azerbaijan captured the disputed territory this week. Some have sought refuge in the main city … [+480 chars]
cbc-news,CBC News,Yasmine Ghania,"'COVID was never gone': As cases rise in B.C., so do worries about normalizing the virus",Infectious disease specialists and immunocompromised people are concerned about an increase in COVID-19 cases in B.C. — especially because it appears many people have stopped following recommended health measures like wearing masks and staying home when sick.,https://www.cbc.ca/news/canada/british-columbia/covid-surge-normalizing-virus-1.6977974,2023-09-26T15:12:54Z,"Candace Latham has never stopped wearing a mask.
The Vancouver mother and her 15-year-old son are both immunocompromised, which has made the past 3½ years of COVID-19 extremely difficult. Latham say… [+3720 chars]"
newsweek,Newsweek,Jon Jackson,Putin May Break UN Pact Russia Voted to Enact,Russia once supported a United Nations resolution that barred arms deals with North Korea.,https://www.newsweek.com/putin-may-break-un-pact-russia-voted-enact-1827045,2023-09-14T16:53:51Z,"White House officials have expressed concern that Russian President Vladimir Putin discussed a potential arms deal with Kim Jung Un when he met with the North Korean leader on Wednesday.
Any arms de… [+5073 chars]"
newsweek,Newsweek,Thomas Westerholm,Aaron Rodgers Challenges 'Mr. Pfizer' Travis Kelce to Duel With RFK Jr.,"Jets quarterback Aaron Rodgers continued to take shots at Chiefs tight end Travis Kelce on Tuesday, challenging him to a duel with the presidential candidate.",https://www.newsweek.com/aaron-rodgers-challenges-mr-pfizer-travis-kelce-duel-rfk-jr-1833609,2023-10-10T20:45:52Z,"Jets quarterback Aaron Rodgers made waves last week on The Pat McAfee Show when he coined the term ""Mr. Pfizer"" in reference to Kansas City Chiefs tight end Travis Kelce.
Kelce recently filmed an ad… [+3776 chars]"
newsweek,Newsweek,Suzanne Blake,Republicans' Belief COVID Is Getting Worse Is Growing Fast,A growing number of Republicans said they worry about the coronavirus getting worse as the new variant emerges.,https://www.newsweek.com/republicans-growing-concern-coronavirus-pandemic-1830447,2023-09-27T20:36:53Z,"Americans are feeling weary that the pandemic might not be as over as they once believed, and a growing number of Republicans have expressed concern that the coronavirus is indeed getting worse.
Acc… [+5146 chars]"
fortune,Fortune,Erin Prater,"When and where can you get the updated COVID booster? And who needs one? What you need to know, according to experts","All Americans ages 6 months and older are eligible for the new COVID vaccine, according to the CDC.",https://fortune.com/well/2023/09/13/covid-vaccine-updated-booster-2023-availability-eligibility/,2023-09-13T21:28:54Z,"Good news for those nervous about rising COVID levels and the coming respiratory disease season: By the end of the week, boosters tailored to a newer strain of Omicron should be available nationwide,… [+6011 chars]"
cnn,CNN,Alicia Wallace,What to expect from the jobs report,"This time last week, the prospects seemed to be growing dimmer that the September jobs report would land this Friday as planned.",https://www.cnn.com/2023/10/06/economy/september-jobs-report-final/index.html,2023-10-06T10:56:56Z,"This time last week, the prospects seemed to be growing dimmer that the September jobs report would land this Friday as planned. 
A government shutdown would have forced the Bureau of Labor Statisti… [+8550 chars]"
cnn,CNN,Alicia Wallace,What to expect from Friday's jobs report,"This time last week, the prospects seemed to be growing dimmer that the September jobs report would land this Friday as planned.",https://www.cnn.com/2023/10/05/economy/september-jobs-report-preview/index.html,2023-10-05T11:30:53Z,"This time last week, the prospects seemed to be growing dimmer that the September jobs report would land this Friday as planned. 
A government shutdown would have forced the Bureau of Labor Statisti… [+8016 chars]"
nbc-news,NBC News,Aria Bendix,People who’ve had Covid at least 5 times describe how the illness changed with each reinfection,"Five people who've gotten Covid at least five times describe their experiences. Several, but not all, said later infections were less severe than the first.",https://www.nbcnews.com/health/health-news/covid-5-times-people-describe-illnesses-rcna118132,2023-10-08T11:00:00Z,"Nearly four years after Covids emergence, plenty of people have tested positive at least twice. But an unlucky group has been hit with reinfection after reinfection.
Ive seen a few patients with fiv… [+7991 chars]"
bbc-news,BBC News,https://www.facebook.com/bbcnews,Family of ill teen say they were silenced by courts,The 19-year-old is named as Sudiksha Thirumalesh after legal restrictions are lifted.,https://www.bbc.co.uk/news/health-66893040,2023-09-22T15:51:25Z,"The family of a teenager who died while challenging an NHS decision over her life-preserving treatment say they were ""brutally silenced"" by the courts. 
The 19-year-old can now be named as Sudiksha … [+3001 chars]"
newsweek,Newsweek,Pandora Dewan,Are COVID Boosters Safe? What the Science Says,"Now that they've been approved by the FDA, who should be getting the new COVID booster vaccines?",https://www.newsweek.com/are-covid-boosters-safe-science-1826517,2023-09-12T20:01:15Z,"An updated round of COVID-19 booster vaccines was approved by the U.S. Food and Drug Administration (FDA) on Monday, with doses becoming available as early as the end of this week.
The announcement … [+8570 chars]"
abc-news,ABC News,PAN PYLAS Associated Press,Britain's COVID-19 response inquiry enters second phase with political decisions in the spotlight,"Britain's inquiry into the response to the coronavirus pandemic and its impact on the nation has entered the second phase, with political decision-making taking center stage, such as the timing of lockdowns",https://abcnews.go.com/Health/wireStory/britains-covid-19-response-inquiry-enters-phase-political-103682808,2023-10-03T12:31:57Z,"LONDON -- Britains inquiry into the response to the coronavirus pandemic and its impact on the nation entered its second phase Tuesday, with political decision-making around major developments, such … [+2720 chars]"
engadget,Engadget,Malak Saleh,The new COVID-19 vaccines are here for the fall,"A new lineup of COVID-19 vaccines are now becoming available in the US. The updated shots will arrive at select pharmacies as retailers continue to receive inventory. CVS says
 it expects all of its pharmacies to have the new vaccines in stock by early next …",https://www.engadget.com/the-new-covid-19-vaccines-are-here-for-the-fall-184029568.html,2023-09-14T18:40:29Z,"A new lineup of COVID-19 vaccines are now becoming available in the US. The updated shots will arrive at select pharmacies as retailers continue to receive inventory. CVS says
 it expects all of its… [+2064 chars]"
time,Time,Maytal Eyal,Self-Silencing Is Making Women Sick,"For women, being more disappointing could be a lifesaver, writes Maytal Eyal.",https://time.com/6319549/silencing-women-sick-essay/,2023-10-03T11:00:00Z,"Be more disappointing is not a piece of advice most people would pay money to hear, but in my therapy office, its often the most valuable guidance I can give. My clients are mostly women, and nearly … [+6304 chars]"
national-geographic,National Geographic,Daryl Austin,Why the new COVID shot is a game-changer (and why the term ‘booster’ is obsolete),The latest vaccine formula is available in local pharmacies now. Experts say it will be like the annual flu shot: one and done. Here’s why.,https://www.nationalgeographic.com/science/article/covid-flu-vaccine-questions,2023-10-03T00:00:00Z,"Unlike earlier in the pandemic, when the initial vaccines were followed by a seemingly never-ending stream of boosters, the recently updated COVID vaccine is simple: a single shot.
Developed by Pfiz… [+8970 chars]"
nbc-news,NBC News,Aria Bendix and Matt Dixon,DeSantis administration advises against Covid shots for Florida residents under 65,Florida Gov. Ron DeSantis' administration is advising all residents under age 65 not to get the new Covid boosters from Pfizer and Moderna.,https://www.nbcnews.com/health/health-news/desantis-administration-advises-no-covid-shots-under-65-rcna104912,2023-09-13T23:10:16Z,"In a deviation from federal recommendations, Florida Gov. Ron DeSantis' administration is advising residents under the age of 65 not to get the new Covid boosters from Pfizer and Moderna.
""What I ha… [+5286 chars]"
fortune,Fortune,L'Oreal Thompson Payton,13 innovators shaping the future of health,Each honoree has had a major accomplishment over the last year and is using their influence to increase health and wellness access and equity.,https://fortune.com/well/article/health-wellness-innovators-2023/,2023-09-26T10:00:00Z,"In an industry worth more than $800 billion, its hard to stand out. But the following innovators have found a way. Whether theyre tackling womens health, creating wellness communities, or encouraging… [+14780 chars]"
,[Removed],,[Removed],[Removed],https://removed.com,1970-01-01T00:00:00Z,[Removed]
,[Removed],,[Removed],[Removed],https://removed.com,1970-01-01T00:00:00Z,[Removed]
nbc-news,NBC News,Elizabeth Robinson,Nobel Peace Prize winner announced and bedbug infestation fears: Morning Rundown,"Paris bedbugs, Dick Butkus, Jason Derulo lawsuit, student loan repayment, Menendez car crash, Narges Mohammadi, long cold symptoms",https://www.nbcnews.com/news/morning-rundown-october-6-rcna119155,2023-10-06T11:21:39Z,Senators warn Republicans that a more conservative speaker wont make their dreams come true. New Jersey state investigators revisit the fatal 2018 crash involving Sen. Bob Menendezs wife. And Chicago… [+10352 chars]
bbc-news,BBC News,https://www.facebook.com/bbcnews,What you need to know about Covid as new variant rises,Hospitalisations have gone up since the summer and a new variant is spreading. Should we be concerned?,https://www.bbc.co.uk/news/health-66848549,2023-09-23T23:15:57Z,The number of people in hospital has gone up. Google searches have doubled in a month and booster vaccines have been brought forward because of a new variant. It might all feel a bit 2021. But - thes… [+7312 chars]
fox-news,Fox News,Associated Press,Health and Human Services Department awards clinics treating long COVID patients $45 million,The federal government is supporting clinics treating long COVID patients by granting $45 million. The funds will be used to help clinics develop new models of care.,https://www.foxnews.com/health/health-human-services-awards-clinics-treating-long-covid-patients-45-million,2023-09-20T16:39:09Z,"The U.S. government is awarding $45 million in grants to help clinics treating long COVID develop new models of care and expand access, the Department of Health and Human Services (HHS) said on Wedne… [+2182 chars]"
,[Removed],,[Removed],[Removed],https://removed.com,1970-01-01T00:00:00Z,[Removed]
national-geographic,National Geographic,Meryl Davids Landau,COVID cases are rising again. Here’s a refresher on everything you forgot.,"Can you use an expired test? How long do you need to isolate? With more infectious variants, here’s a reminder on how to protect yourself—and what to do if you get sick.",https://www.nationalgeographic.com/premium/article/sick-covid-refresher-tests-masking-isolation-medicine,2023-09-14T00:00:00Z,"A new posse of infectious Omicron variants are causing more people to come down with COVID-19, and some are getting extremely sick. In the last week of August more than 650 people died from the disea… [+8553 chars]"
the-washington-post,The Washington Post,Lisa Jarvis,Long Covid Is Real. Now the Evidence Is Piling Up.,A new study finds evidence of hormone imbalances and other biomarkers that can cause symptoms to linger.,https://www.washingtonpost.com/business/2023/09/27/long-covid-is-real-now-the-evidence-is-piling-up/250b00b0-5d4a-11ee-b961-94e18b27be28_story.html,2023-09-27T15:25:53Z,"Comment on this story
Comment
Finally, the hunt for answers about long Covid is yielding some clues. A new study, led by the Icahn School of Medicine at Mount Sinai and the Yale School of Medicine … [+5354 chars]"
the-times-of-india,The Times of India,The Feed,"Government relaunches free COVID-19 tests website, here’s how to book | Details","Commencing on September 25th, individuals in the United States can access COVIDTests.gov to request up to four complimentary COVID-19 tests per household. The United States Postal Service (USPS) will oversee the distribution of these tests.",https://economictimes.indiatimes.com/news/international/us/government-relaunches-free-covid-19-tests-website-heres-how-to-book-details/articleshow/103941094.cms,2023-09-25T18:14:40Z,"As concerns grow over a potential surge in COVID-19 cases during the colder months, the Biden administration is taking proactive steps to ensure that Americans have access to free at-home COVID-19 te… [+4067 chars]"
the-washington-post,The Washington Post,Hannah Knowles,"Bashing boosters, DeSantis contrasts with Trump and worries health experts",DeSantis’s posture against the covid shots is at odds with the advice of leading public health officials and experts and shows how he is seeking to make his position a 2024 campaign issue.,https://www.washingtonpost.com/politics/2023/09/16/desantis-booster-shots-covid-trump/,2023-09-16T10:00:47Z,"Comment on this story
Comment
Late in 2021, Florida Gov. Ron DeSantis dodged a question about whether he got a booster shot to protect against covid-19.
So, Ive done whatever I did the normal shot… [+11075 chars]"
bbc-news,BBC News,Michelle Roberts,"'Long colds' are a thing, like Long Covid say experts","Common 'long cold' symptoms people reported include a cough, stomach pain, and diarrhoea.",https://www.bbc.co.uk/news/health-67016985,2023-10-06T08:21:33Z,"""Long colds"" can be a thing in the same way that ""long Covid"" is, with some people experiencing prolonged symptoms after an initial infection, according to a UK study. 
Common long cold symptoms inc… [+3999 chars]"
abc-news-au,ABC News (AU),Annie Brown,Farmers are growing medicinal gum trees as biotech company explores pharmaceutical potential,Eight farmers in the Benalla region are growing gum trees for biotech company Gretals as it researches using pinocembrin as a treatment for neurodegenerative diseases.,https://www.abc.net.au/news/rural/2023-09-20/medicinal-gum-trees-grown-in-benalla-for-gretals/102861506,2023-09-19T22:19:08Z,"Mark Foletta is a farmer who loves diversity and isn't afraid to try new things. 
In his home town of Benalla, in north-east Victoria, Mr Foletta grows cherries, grapes for wine, lucerne, mushrooms,… [+5274 chars]"
the-washington-post,The Washington Post,Brian Vastag,Fatigue patient’s case prompts discovery that may help with long covid,"Her dogged efforts lead to a new scientific discovery that may help many others with chronically fatiguing illnesses, including long covid.",https://www.washingtonpost.com/health/2023/09/17/fatigue-cfs-longcovid-mitochondria/,2023-09-17T11:00:01Z,"Comment on this story
Comment
Amanda Twinams journey to understand her decades-long fatigue began with a breast cancer diagnosis at age 28. Twinam underwent a mastectomy before enduring chemotherap… [+8782 chars]"
cnn,CNN,Jen Christensen,"Almost 7% of adults and 1% of kids have struggled with long Covid, survey finds | CNN","Estimates of the number of people in the US with lingering Covid-19 symptoms vary widely, but a new survey from the National Center for Health Statistics says the condition may have affected as many as 962,000 children and 17.9 million adults.",https://www.cnn.com/2023/09/26/health/long-covid-nchs-survey/index.html,2023-09-26T04:23:26Z,"Estimates of the number of people in the US with lingering Covid-19 symptoms vary widely, but a new survey from the National Center for Health Statistics says the condition may have affected as many … [+4799 chars]"
fox-news,Fox News,Fox News Staff,LAURA INGRAHAM: Fear is a powerful emotion,"FOX News host Laura Ingraham dismantles the left's worries and breaks down how politicians use fear to gain control on ""The Ingraham Angle.""",https://www.foxnews.com/media/laura-ingraham-fear-powerful-emotion,2023-09-20T00:59:42Z,"FOX News host Laura Ingraham explains why fear is a powerful emotion that politicians use for ""coercion and control"" on ""The Ingraham Angle
."" 
LAURA INGRAHAM: Fear is a powerful emotion. Now, some… [+1336 chars]"
cnn,CNN,Brenda Goodman,"Scientists edge closer to finding a biomarker for long Covid, which could lead to better tests and treatments | CNN","People who have struggled to recover after Covid-19 often find that clinicians treat them like medical mysteries. Routine tests often don’t reveal that anything is amiss, so doctors sometimes wrongly assume that long Covid might be a form of depression or anx…",https://www.cnn.com/2023/09/25/health/long-covid-studies-test-treatment-development-wellness/index.html,2023-09-25T15:13:51Z,"People who have struggled to recover after Covid-19 often find that clinicians treat them like medical mysteries. Routine tests often dont reveal that anything is amiss, so doctors sometimes wrongly … [+9099 chars]"
cnn,CNN,Madeline Holcombe,"There is more to worry about than long Covid, study shows. You could get a long cold, too | CNN","Even if you’re on the other side of a cold, that doesn’t always mean you’re back to normal. Respiratory symptoms can last, a new study shows.",https://www.cnn.com/2023/10/06/health/long-colds-study-wellness/index.html,2023-10-06T18:23:56Z,"Feeling run-down even after you kicked an infection? It could be a case of a long cold, according to a new study.
Much like long Covid, in which symptoms persist after a Covid-19 infection has clear… [+4173 chars]"
politico,Politico,By Daniel Payne,Biden’s cancer moonshot aims to spur cutting-edge tech and simple prevention,"At POLITICO’s Cancer Moonshot Mission Update, administration officials said Biden’s goal of cutting the death rate in half is achievable.",https://www.politico.com/news/2023/09/28/bidens-cancer-moonshot-updates-00118751,2023-09-28T16:35:30Z,"Here are three takeaways from the event, moderated by POLITICOs Erin Schumaker and Katherine Ellen Foley:
Exciting innovations are in the pipeline
Administration officials, oncologists and leaders … [+3853 chars]"
fox-news,Fox News,Danielle Wallace,"DeSantis say he would not fund booster vaccines as president, vows 'reckoning' on COVID policies","Florida Gov. Ron DeSantis, who has warned health adult under 65 against the new COVID vaccine, said he would not fund boosters in elected president.",https://www.foxnews.com/politics/desantis-not-fund-booster-vaccines-president-vows-reckoning-covid-policies,2023-09-21T14:15:57Z,"Florida Gov. Ron DeSantis said in a new interview that aired Wednesday that he would not fund COVID-19 booster vaccines if elected president, promising first a ""reckoning"" when it comes to pandemic p… [+3810 chars]"
