id,name,author,title,description,url,publishedAt,content,topic
bbc-news,BBC News,https://www.facebook.com/bbcnews,Wiltshire Long Covid patient says they have 'no support',"Ursula Wick, who was hospitalised in 2021, is still living with the effects of the virus.",https://www.bbc.co.uk/news/uk-england-wiltshire-67373381,2023-11-11T13:52:07Z,"A woman suffering from long Covid said she has been left with ""no support"".
Ursula Wick, from Swindon, struggles with tiredness, aches, pains and a loss of strength after contracting the virus and b… [+1825 chars]",1
abc-news-au,ABC News (AU),Brooke Chandler,"Long COVID research offers 'light at the end of the tunnel', finding symptoms ease over time","Giuliano Gaspri spent eight months in hospital with COVID. He's part of a study of long COVID patients which hasn't found the cause, but did find life can return to normal with time.",https://www.abc.net.au/news/2023-12-02/long-covid-study-still-suffering-but-some-hope/103173430,2023-12-01T19:15:00Z,"Before Giuliano Gaspri caught COVID-19, he was climbing up transmitter towers overlooking the New South Wales Illawarra region as part of his full-time maintenance job.
Key points:
<ul><li>Study pa… [+5144 chars]",1
time,Time,Jamie Ducharme,Getting Vaccinated May Be Your Best Protection from Long COVID,"People who got at least one COVID-19 vaccine before getting sick are 4 times less likely to get Long COVID, a new study says.",https://time.com/6338434/vaccination-long-covid-risk/,2023-11-22T23:30:00Z,"People vaccinated before their first case of COVID-19 are diagnosed with Long COVID almost four times less than unvaccinated people, suggests a large new study published Nov. 22 in the BMJ.
Thats no… [+3414 chars]",1
new-scientist,New Scientist,,Governments must stay in it for the long haul on long covid research,Lingering symptoms after a covid-19 infection remain a problem for millions of people. Nations need to renew efforts to find treatments for them and help prevent yet more cases,https://www.newscientist.com/article/mg26034673-200-governments-must-stay-in-it-for-the-long-haul-on-long-covid-research/,2023-11-29T18:10:00Z,"Bryan Olin Dozier/NurPhoto/Shutterstock
IT HAS been nearly four years since the covid-19 pandemic began, and many of us would love to forget all about it. But there are millions for whom that is imp… [+442 chars]",1
cbc-news,CBC News,,'What I want are recovery narratives': CBC Radio host Gill Deacon on life with long COVID,"""It can be a challenge to stay present, to not grieve what I have lost or bemoan what has befallen me. I take it, as the banal but truthful platitude goes, one day at a time,"" writes CBC Radio Here & Now host Gill Deacon.",https://www.cbc.ca/news/canada/toronto/gill-deacon-long-covid-recovery-narratives-1.7046731,2023-12-02T10:00:00Z,"Gill Deacon is the host of CBC Radio's Here &amp; Now. She went on leave in December 2022. This piece is about her ongoing absence.
""How's work?""
The cashier is a former neighbour, someone I haven'… [+8212 chars]",1
time,Time,Steven Phillips and Michelle Williams,How to End the Futile Blame Game Over Failed Long COVID Research,"A pair of public health experts argue that the current approach to Long COVID research is failing, and offer a radical new paradigm.",https://time.com/6335177/long-covid-research-failure/,2023-11-15T12:00:00Z,The health outlook for Long COVID sufferers is no better today than it was when the condition was first recognized in early 2020. This has been attributed in large measure to the disappointing result… [+8549 chars],1
bbc-news,BBC News,https://www.facebook.com/bbcnews,"'Long Covid triggered our MCAS, but doctors didn't believe us'",Elle Gorman and George Cooper explain how they were told their post-long Covid illness didn't exist.,https://www.bbc.co.uk/news/uk-england-london-66998448,2023-11-27T01:39:05Z,"People with long Covid feel ""forgotten, unheard, disbelieved, isolated"", barrister Anthony Metzer KC told the Covid-19 Inquiry last month on behalf of advocacy groups for people with the condition.
… [+9442 chars]",1
abc-news-au,ABC News (AU),Hanan Dervisevic,"With COVID-19 cases rising so close to Christmas, we spoke to experts about how to beat it quickly and get back to normal","With the festive season rapidly approaching, the last thing anyone wants is COVID-19. Here's some tips from the experts about how to get over an infection and back to normal quickly.",https://www.abc.net.au/news/2023-11-13/covid-cases-rising-how-to-beat-it/103086504,2023-11-12T16:44:33Z,"With the government scaling back COVID-19 case number updates, it may seem the virus has disappeared from the public consciousness.
But experts say Australia is now in its eighth COVID-19 wave.
All… [+6318 chars]",1
fortune,Fortune,Carolyn Barber,Inside long COVID’s war on the body: Researchers are trying to find out whether the virus has the potential to cause cancer,'There’s not great evidence to support SARS-CoV-2 being an oncogenic virus–but this virus has surprised us over and over.',https://fortune.com/2023/11/23/inside-long-covids-war-body-researchers-trying-find-out-virus-potential-cancer-carolyn-barber/,2023-11-23T12:04:02Z,"Long COVID is no stranger to either patients or those immersed in studies of its effects. In the U.S., one in 7 adultsabout 14% of the adult populationhas experienced symptoms that lasted three month… [+12462 chars]",1
medical-news-today,Medical News Today,Christopher Curley,Long COVID: New treatment helps restore sense of smell for some people,Researchers say a new treatment that involves blocking a nerve in the neck shows promise in restoring a normal sense of smell in some people with long COVID,https://www.medicalnewstoday.com/articles/new-treatment-restores-sense-of-smell-in-some-people-with-long-covid,2023-11-20T10:05:00Z,<ul><li>Some people with long COVID report lasting alterations to their sense of taste and smell.</li><li>A new treatment might help these people regain those senses and restore quality of life. </li… [+4863 chars],1
national-geographic,National Geographic,Sanjay Mishra,Why does COVID-19 cause brain fog? Scientists may finally have an answer.,Nearly 40 percent of long COVID patients suffer from the disorienting condition. Destroyed connections between brain cells may be to blame.,https://www.nationalgeographic.com/premium/article/why-does-covid-19-cause-brain-fog-answer-immune-inflammation-synapse,2023-11-13T00:00:00Z,"When scientists infected brain organoidspinhead-size bits of brain tissue grown in the labwith the virus that causes COVID, they found that not only does it spread in neurons in the brain, it also ac… [+8849 chars]",1
nbc-news,NBC News,Aria Bendix,Neck injection could improve smell issues in some long Covid patients﻿,"Their coronavirus infections had cleared up, but the patients were met with a grim reality: Scents that were once pleasant had suddenly become foul.",https://www.nbcnews.com/health/health-news/neck-injection-improve-smell-issues-long-covid-patients-rcna125192,2023-11-20T10:00:00Z,"Their coronavirus infections had cleared up, but the patients were met with a grim reality: Scents that were once pleasant had suddenly become foul. Sautéed garlic and onions smelled like rotting gar… [+5878 chars]",1
the-times-of-india,The Times of India,PTI,"New study links pre-existing allergic conditions to higher, long Covid risk",The researchers emphasised the need for more robust epidemiological research and a standardised definition of long-Covid for further investigations into the role of allergies in its development.,https://economictimes.indiatimes.com/magazines/panache/new-study-links-pre-existing-allergic-conditions-to-higher-long-covid-risk/articleshow/105098946.cms,2023-11-09T12:49:11Z,"New Delhi, Pre-existing allergic conditions such as asthma or rhinitis may be associated with a higher risk of experiencing long-term symptoms associated with COVID-19, or Long-COVID, according to a … [+1432 chars]",1
nbc-news,NBC News,Erik Ortiz and Laura Strickler and Mirna Alsharif and Tom Winter and Kat Tenbarge,Suspect in Burlington shooting allegedly told ATF agent: 'I've been waiting for you',The details of law enforcement's initial encounter with Jason Eaton were revealed as he pleaded not guilty Monday to three counts of attempted murder in the second degree.,https://www.nbcnews.com/news/us-news/suspect-burlington-shooting-allegedly-told-atf-agent-waiting-rcna126813,2023-11-27T22:32:25Z,"When ATF agents knocked on the apartment door of the suspect accused of shooting three Palestinian college students two of them U.S. citizens in Burlington, Vermont, over the weekend, he held out his… [+7120 chars]",1
abc-news-au,ABC News (AU),ABC News,COVID cases are surging again but there are lots of ways to protect yourself — starting with wearing a mask,"Wearing a mask at the shops, on public transport and in other crowded settings will help prevent you from getting infected with COVID or spreading it to other people, writes Raina MacIntyre.",https://www.abc.net.au/news/2023-11-21/covid-surging-australia-should-i-wear-a-mask/103126620,2023-11-20T18:15:00Z,"COVID is on the rise again, with a peak likely over the holiday season.
Given this, health authorities in a number of Australian states have recommended people start wearing masks again. In Western … [+4156 chars]",1
cbc-news,CBC News,,"B.C. counts over 1M flu vaccines, almost 850K COVID-19 vaccines administered in past 6 weeks","COVID-19 rates are dropping while RSV and influenza rates are beginning to rise, according to Provincial Health Officer Dr. Bonnie Henry.",https://www.cbc.ca/news/canada/british-columbia/covid19-outbreak-saanich-peninsula-hospital-bc-respiratory-virus-influenza-bird-flu-1.7025416,2023-11-10T20:06:28Z,"Close to 1,073,000 doses of influenza vaccine and almost 850,000 COVID-19 vaccines have been administered to British Columbians since the province's fall vaccination program started six weeks ago.
T… [+3599 chars]",1
nbc-news,NBC News,Amy Maxmen | KFF Health News,Does Novavax's Covid vaccine cause fewer side effects?,The Novavax Covid vaccine may cause fewer side effects than the Pfizer or Moderna mRNA vaccine. Some people have sought it out.,https://www.nbcnews.com/health/health-news/novavaxs-covid-vaccine-cause-fewer-side-effects-rcna125216,2023-11-19T10:00:00Z,"Erin Kissane, a co-founder of the COVID Tracking Project, rolled up her sleeve for the Novavax Covid-19 vaccine in mid-October soon after it was finally recommended in the United States. Like many pe… [+6326 chars]",1
time,Time,Haley Weiss,U.S. Suicide Rates Reached an All-Time High in 2022,U.S. suicide rates increased the most among adults over 75 and younger white women.,https://time.com/6340732/u-s-suicide-rates-2022/,2023-11-29T19:23:58Z,"Suicide rates in the U.S. reached an all-time high in 2022, continuing a surge that began in 2021, according to new provisional data from the Centers for Disease Control and Prevention. 
The increas… [+2385 chars]",1
the-irish-times,The Irish Times,Muiris Houston,Dr Muiris Houston: Mounting evidence that Covid-19 targets the heart,"Dr Muiris Houston: There is a definite link between Covid infection and a range of heart diseases, even for those who had a relatively mild infection and made a good recovery",https://www.irishtimes.com/health/your-wellness/2023/11/13/watch-out-mounting-evidence-that-covid-19-targets-the-heart/,2023-11-13T05:31:00Z,"Covid-19 hasnt gone away. But, almost four years after it was first identified, the infectious disease certainly features less in the zeitgeist. People can be forgiven for placing Covid on the back b… [+4400 chars]",1
abc-news-au,ABC News (AU),Catherine Taylor,"Is there a link between COVID and Parkinson's, Alzheimer's or autoimmune diseases? The research is building","Genes, environment and lifestyle are some of the risk factors for serious diseases like Parkinson's and Alzheimer's. Now scientists believe COVID-19 infection should be added to the list, writes Catherine Taylor",https://www.abc.net.au/news/2023-11-22/covid-long-term-disease-parkinsons-alzheimers-risk/103112864,2023-11-21T18:00:00Z,"From the earliest days of the COVID-19 pandemic, scientists have raised concerns about the potential for long-term health problems linked to SARS-CoV-2 and warned repeated infections are likely to in… [+13162 chars]",1
national-geographic,National Geographic,Emily Sohn,COVID-19 can ruin your sleep in many different ways—here's why,Scientists are learning more about the havoc that viruses and bacteria wreak on sleep. Here's what you need to know about seeking care for insomnia.,https://www.nationalgeographic.com/premium/article/covid-19-can-ruin-your-sleep-in-many-different-waysheres-why,2023-11-13T00:00:00Z,"Six weeks after a mild case of COVID-19 early in the pandemic, Erika Thornes started waking up every night between 2 and 3 a.m. Unable to fall back asleep, she would listen to podcasts, read, and scr… [+12521 chars]",1
the-times-of-india,The Times of India,PTI,"People who experienced childhood adversity had poorer Covid-19 outcomes, new study shows","Adults who experienced childhood trauma, including abuse and neglect, are at a higher risk of death and hospitalization due to Covid-19. A study of 150,000 adults in the UK found that those with the most childhood trauma had a 25% higher likelihood of death a…",https://timesofindia.indiatimes.com/home/science/people-who-experienced-childhood-adversity-had-poorer-covid-19-outcomes-new-study-shows/articleshow/105654640.cms,2023-12-01T10:03:45Z,"<ul><li>News</li>
<li>Science News</li>
<li>People who experienced childhood adversity had poorer Covid-19 outcomes, new study shows</li></ul>
Adults who experienced childhood trauma, including ab… [+596 chars]",1
the-times-of-india,The Times of India,PTI,Study reveals link between childhood trauma & higher Covid hospitalisation rates,"A new study has found that adults who experienced childhood trauma, such as abuse or neglect, are more likely to be hospitalised or die from Covid.",https://economictimes.indiatimes.com/magazines/panache/study-reveals-link-between-childhood-trauma-higher-covid-hospitalisation-rates/articleshow/105046581.cms,2023-11-07T15:16:38Z,"New Delhi, People with childhood trauma, like abuse or neglect, were more likely to be hospitalised or die from COVID-19 in adulthood, a new study has found. Analysing data of more than 1,51,200 (1.5… [+1758 chars]",1
bbc-news,BBC News,https://www.facebook.com/bbcnews,More illness among young affecting work ability,They are now likely to say ill-health affects their job as the middle-aged did 10 years ago.,https://www.bbc.co.uk/news/health-67443189,2023-11-17T01:29:49Z,"Millions of workers in the UK are struggling with ill-health that is affecting their ability at work.
The Health Foundation analysis found 12% of people in work - 3.7 million - had a ""work-limiting""… [+2886 chars]",1
new-scientist,New Scientist,Michael Marshall,Long covid: What we now know about its causes and possible treatments,"Almost four years after the first cases emerged, we are accumulating evidence about the physiology behind this complex condition – from microclots to viral persistence",https://www.newscientist.com/article/mg26034670-800-long-covid-what-we-now-know-about-its-causes-and-possible-treatments/,2023-11-27T16:00:00Z,"Pete Reynolds
FOR many of us, the covid-19 pandemic is fading into memory. But for millions of people, that isn’t possible as they are still unwell. An illness that is often brief and mild is, for s… [+1378 chars]",1
nbc-news,NBC News,Elizabeth Both,Sam Altman moves to Microsoft and Rosalynn Carter remembered: Morning Rundown,Get everything you need to know to start your day. Sign up to get the Morning Rundown newsletter to your email inbox.,https://www.nbcnews.com/news/november-20-2023-morning-rundown-rcna125933,2023-11-20T12:34:14Z,"In todays newsletter:  Sam Altman joins Microsoft after his surprise OpenAI firing. Former first lady Rosalynn Carter dies at 96. And Napoleon's famous bicorne hat sells for $2.1 million.
Here's wha… [+8094 chars]",1
the-times-of-india,The Times of India,The Feed,Kate Garraway’s husband hospitalized again: Updates actress,"Kate Garraway has disclosed that her husband, Derek Draper, has returned to the hospital, while thanking his caretakers for saving his life.The Good Morning Britain host discussed her husband's condition on Loose Women on Thursday. Derek has been in and out o…",https://economictimes.indiatimes.com/news/international/us/kate-garraways-husband-hospitalized-again-updates-actress/articleshow/105453566.cms,2023-11-23T17:12:16Z,Kate Garraway recently announced that her husband Derek Draper has returned to the hospital.The shocking news was disclosed by the Good Morning Britain presenter on Thursday's episode of Loose Women.… [+2156 chars],1
abc-news-au,ABC News (AU),Australian Broadcasting Corporation,The ladder out of depression with psychiatrist Ian Hickie,Professor Ian Hickie has spent decades trying to understand clinical depression. Where does it come from? What role do genes play? And most importantly – what works to release its chokehold?,https://www.abc.net.au/listen/programs/conversations/professor-ian-hickie-clinical-depression-black-dog/102959532,2023-11-16T00:00:00Z,"Ian Hickie has spent his career trying to help people at their darkest times.
He's a psychiatrist who is particularly passionate about taming the black dog of depression.
Depression is not a simple… [+479 chars]",1
techcrunch,TechCrunch,Sarah Perez,Instagram Threads search now supports ‘all languages’ in latest update,"Instagram’s Twitter/X rival, Threads, is becoming more competitive with the expansion of its keyword search feature to all markets where the app is available. The feature was initially tested in English-speaking markets including Australia and New Zealand in …",https://techcrunch.com/2023/11/30/instagram-threads-search-now-supports-all-languages-in-latest-update/,2023-11-30T19:06:06Z,"Instagram’s Twitter/X rival, Threads, is becoming more competitive with the expansion of its keyword search feature to all markets where the app is available. The feature was initially tested in Engl… [+2614 chars]",1
abc-news-au,ABC News (AU),James Carmody,"A lot has changed since COVID dominated the headlines. With cases rising in WA, here's what you need to know","Drive-through COVID testing centres and the SafeWA app may seem a long time ago, but the virus never left — and as cases surge around the country, experts say it is still a force to be reckoned with.",https://www.abc.net.au/news/2023-11-15/covid-19-cases-in-western-australia-on-the-rise/103097934,2023-11-14T21:52:32Z,"In recent weeks COVID-19 has notably re-emerged on the radar for West Australians.
Key points:
<ul><li>COVID cases are on the rise in Western Australia</li><li>The increase is being driven by the O… [+9854 chars]",1
abc-news-au,ABC News (AU),Kenji Sato,"Drug trials on mice, tissue cells a potential first step in treating COVID-19 brain fog, researchers say","The scientists found that four pre-existing drugs successfully eliminated cells  that were found to speed up the effects of ageing on the brain, so-called ""zombie"" cells that grew faster in a COVID-19-affected brain.",https://www.abc.net.au/news/2023-11-22/university-of-queensland-covid-19-brain-fog-treatment-trial/103130398,2023-11-21T20:00:03Z,"Scientists are confident they will have a treatment for COVID-19 brain fog in five to 10 years following successful trials on mice and human brain tissue.
Key points:
<ul><li>Scientist Julio Aguado… [+3016 chars]",1
national-geographic,National Geographic,Meryl Davids Landau,COVID-19 can interfere with your period in many ways. Here's how.,"Physicians failed to warn women about the expected temporary disruptions to their periods after the vaccine, and the more significant issues after a severe bout of COVID-19.",https://www.nationalgeographic.com/premium/article/covid-19-virus-infection-delay-period-menstruation,2023-11-15T00:00:00Z,"Raven La Fae, a 32-year-old artist in Calgary, Canada, has always been able to predict their menstrual periods almost to the day; it arrived every 28 days and lasted for five. But after contracting C… [+7517 chars]",1
national-geographic,National Geographic,Natalia Mesa,There’s a mycobiome tucked inside your microbiome—here’s why it’s so important,"Your microbiome has its own fungal communities that live in the gut, skin, and respiratory tract. Known as the mycobiome, its role in your overall health is an emerging area of interest.",https://www.nationalgeographic.com/premium/article/mycobiome-fungi-gut-health-microbiome,2023-12-04T00:00:00Z,"The gut microbiome has gotten a lot of attention in recent years as a flood of scientific studies link it to a host of ailments, from irritable bowel syndrome to neurological disorders.
Of the many … [+7399 chars]",1
newsweek,Newsweek,H. Alan Scott,Kathy Griffin Finally Feels 'Un-Canceled' After That Infamous Trump Photo,"""I finally feel like I'm un-canceled. This is gonna sound so embarrassing, it's taken time for America to forgive me,"" Kathy Griffin tells Newsweek's Parting Shot about her life now after that infamous Trump photo and her new tour.",https://www.newsweek.com/2023/12/15/kathy-griffin-finally-feels-un-canceled-after-that-infamous-trump-photo-1848111.html,2023-11-29T20:04:42Z,"By permission of Michael Ramirez and Creators Syndicate, Inc.
When a photo of Kathy Griffin holding the fake decapitated head of former President Donald Trump went viral in 2017, her entire world st… [+19794 chars]",1
the-washington-post,The Washington Post,Philip Bump,There’s a racial gap on the covid vaccine — because of the partisan gap,"Americans have been slow to get the updated covid-19 vaccine, but no one has been slower than White Republicans.",https://www.washingtonpost.com/politics/2023/11/17/covid-vaccine-partisan-gap/,2023-11-17T16:59:14Z,"Comment on this story
Comment
Add to your saved stories
Save
At the end of the summer, the Centers for Disease Control and Prevention approved an updated version of vaccines targeting the coronav… [+3751 chars]",1
nbc-news,NBC News,"NBC News, Mirna Alsharif",Suspect pleads not guilty in shooting of students of Palestinian descent in Vermont,"Follow NBC News' coverage for live updates about the shooting of three U.S. college students of Palestinian descent in Burlington, Vermont.",https://www.nbcnews.com/news/us-news/live-blog/palestinian-students-shooting-vermont-live-updates-rcna126774,2023-11-27T18:39:57Z,"Shooting suspect Jason J. Eaton has six traffic and vehicle-related tickets in Vermont since 1998, according to an NBC News review of state court records.
The court records show that a Jason J. Eato… [+11891 chars]",1
fox-news,Fox News,Melissa Rudy,"Over half the people who get COVID have lingering symptoms after 3 years, new study finds","For more than half the people who recover from COVID-19, some symptoms linger for as long as three years, according to a new study published in The Lancet Respiratory Medicine.",https://www.foxnews.com/health/over-half-people-get-covid-have-lingering-symptoms-3-years-study-finds,2023-11-25T09:00:00Z,"For over half the people who recover from COVID-19
, some symptoms linger for as long as three years, according to a new study published this week in The Lancet Respiratory Medicine. 
Among 1,359 C… [+5010 chars]",1
bbc-news,BBC News,Rob Sissons & Dan Martin,Fitness fanatic GP struggling with long Covid,Dr Ed Allen says the condition has severely affected him both physically and psychologically.,https://www.bbc.co.uk/news/uk-england-leicestershire-67546653,2023-11-28T16:04:26Z,"Ed Allen says the 15 months he has spent struggling with the severe impact of long Covid have been ""the greatest challenge of his life"". 
The 32-year-old GP was a fitness fanatic before he fell ill … [+3631 chars]",1
cnn,CNN,Andrea Kane,Five tips for living with long Covid | CNN,"More than three years after the outset of the Covid-19 pandemic, many long Covid patients are still experiencing brain fog, extreme fatigue and other health issues, leaving some unable to complete the most basic daily tasks. Here are five ways long Covid pati…",https://www.cnn.com/2023/11/09/health/long-covid-coping-tips-wellness/index.html,2023-11-09T13:03:20Z,Editors note: Season 8 of the podcast Chasing Life with Dr. Sanjay Gupta gets back to basics with an in-depth examination of the brain in different states. Each episode will focus on one of those sta… [+7081 chars],1
abc-news-au,ABC News (AU),James Carmody,"Mask mandates, sick leave, booster shots: The key questions about WA's eighth COVID wave",Is the mask mandate coming back? Are there new booster shots? When can I go back to work? Everything you need to know if you get COVID-19.,https://www.abc.net.au/news/2023-11-21/covid-19-corornavirus-wa-eighth-covid-wave/103131254,2023-11-21T05:39:53Z,"With an eighth wave of coronavirus circulating in Western Australia in recent weeks, many people are being infected with the virus again.
Unlike in years gone by when WA was in ""state of emergency"" … [+4590 chars]",1
abc-news-au,ABC News (AU),Paige Cockburn,The new and improved COVID-19 vaccines will be available by Christmas. So who should get one?,We're in the grips of a surging COVID-19 wave but there's some good news — the new monovalent COVID-19 vaccines by Pfizer and Moderna will be up for grabs from December 11.,https://www.abc.net.au/news/health/2023-11-21/covid-vaccines-monovalent-pfizer-moderna-atagi-omicron-xbb-1-5/103129806,2023-11-21T03:36:01Z,"If you were hoping for an early Christmas present, you might just be in luck: the federal government has announced updated COVID-19 vaccines will be available from December 11.
Key points:
<ul><li>… [+6939 chars]",1
abc-news-au,ABC News (AU),ABC News,Victoria is seeing a COVID surge — what will Australia's summer look like?,Victoria began its eighth wave of COVID-19 a few weeks ahead of the rest of the nation. Here's what you need to know ahead of Christmas.,https://www.abc.net.au/news/2023-12-01/covid-victoria-australia-summer-cases-infections-rat-test/103151848,2023-11-30T23:19:44Z,"Quick read
<ul><li>In short: With socialising set to rise during the festive season, experts say it's a good idea to get a booster if you are eligible.</li><li>Rapid antigen tests remain effective a… [+9309 chars]",1
fox-news,Fox News,Melissa Rudy,"COVID lockdowns increased ADHD risk among 10-year-old children, new study finds","A new study has determined that 10-year-old kids who already had a genetic risk of developing ADHD saw a “significant increase"" in diagnoses after COVID lockdowns.",https://www.foxnews.com/health/covid-lockdowns-increased-adhd-risk-10-year-old-children-study-finds,2023-11-09T09:30:37Z,"The COVID-19 lockdowns
 had a widespread impact on children's mental health, many studies have shown and now new research highlights how those lockdowns impacted ADHD diagnoses in 10-year-old childr… [+4844 chars]",1
cnn,CNN,,"Dr. Tom Frieden: Covid-19 is still around, and so are these misconceptions | CNN","Covid-19 hasn’t gone away, and it won’t any time soon. It’s now part of the landscape of health threats. Although the coronavirus continues to kill and cause lasting damage, our immunity, vaccines and treatments have tamed the pandemic.",https://www.cnn.com/2023/11/09/health/tom-frieden-covid-19-misconceptions/index.html,2023-11-09T13:43:31Z,"Editors note: Dr. Tom Frieden was director of the US Centers for Disease Control and Prevention from 2009 to 2017, where he oversaw responses to the H1N1 influenza, Ebola and Zika epidemics. He is pr… [+8217 chars]",1
bbc-news,BBC News,Youri Benadjaoud,Global measles cases rose 18% in 2022 amid low vaccination rates: Report,"Domestic measles cases surged in 2019, with an estimated 1,274 people sick in at least 31 states -- the greatest number of cases reported since 1992, the CDC says.",https://abcnews.go.com/Health/global-measles-cases-rose-18-percent-2022-low-vaccination-rates/story?id=104942082,2023-11-16T18:01:40Z,"Global cases of measles increased by 18% from 2021 to 2022, following a drop in vaccinations over the past few years, according to a new report Thursday from the World Health Organization and Centers… [+3034 chars]",2
,[Removed],Mary Kekatos,Idaho is lagging behind rest of the US in routine childhood vaccinations. Here's why,A recent CDC report found Idaho is lagging behind the rest of the U.S. when it comes to routine childhood vaccinations. Experts reveal why that may be the case.,https://abcnews.go.com/Health/idaho-lagging-rest-us-routine-childhood-vaccinations/story?id=104952637,2023-11-17T10:47:24Z,"When a recent federal report published last week showed routine childhood vaccination rates had fallen among kindergartners for the 2022-23 school year, public health experts were disheartened to see… [+5696 chars]",2
abc-news-au,ABC News (AU),Dr. Jade Cobern,"Scarce supplies, disease outbreaks threaten thousands of lives in Gaza: Experts","The conflict in Gaza between Israel and Hamas has led to scarce access to food, water, sanitation and medical supplies.",https://abcnews.go.com/International/amid-israel-hamas-war-scarce-supplies-disease-outbreaks/story?id=104985488,2023-11-18T14:35:48Z,"The conflict in Gaza between Israel and Hamas has led to scarce access to food, water, sanitation and medical supplies in overcrowded shelters and facilities that are housing hundreds of thousands of… [+4612 chars]",2
time,Time,Areesha Lodhi,How bad is Gaza’s disease outbreak amid the Israel war?,Diarrhoea and respiratory infections are some of the leading infectious diseases affecting the besieged enclave.,https://www.aljazeera.com/news/2023/11/10/how-bad-is-gazas-disease-outbreak-amid-the-israel-war,2023-11-10T09:48:01Z,"As thousands of Palestinians try to find space in Gazas shelters or move south for safety from Israeli bombardment, infectious diseases are sweeping across the besieged enclave, according to a World … [+5327 chars]",2
time,Time,https://www.facebook.com/bbcnews,"In Gaza, fleeing refugees face hunger and disease: 'We are in the Dark Ages’",Hundreds of thousands who fled bombs are now washing in polluted seawater and sleeping in packed tents.,https://www.bbc.co.uk/news/world-middle-east-67391335,2023-11-12T10:00:32Z,"Washing in polluted seawater, sleeping in packed tents, eating what little bread they can find, or on some days none at all. In southern Gaza, hundreds of thousands of refugees are in the midst of a … [+8718 chars]",2
bbc-news,BBC News,"Marium Ali, Alia Chughtai","More than a month without water, food and healthcare in Gaza","The United Nations says the enclave's health, sanitation, water and food services are nearing the 'breaking point'.",https://www.aljazeera.com/news/2023/11/7/one-month-of-no-water-food-and-healthcare-for-gaza,2023-11-07T19:59:40Z,"Israels intense bombardment of the Gaza Strip, one of the worlds most densely populated areas, has caused the deaths of 10,328 Palestinians, including 4,237 children, since the war started on October… [+6220 chars]",2
abc-news-au,ABC News (AU),"Federica Marsi, Ruwaida Amer","Diseases spread in Gaza amid water and sewage crisis, cholera feared","Gastrointestinal diseases, and respiratory and skin infections are rising, UN agencies say.",https://www.aljazeera.com/news/2023/11/19/diseases-spread-in-gaza-amid-water-and-sewage-crisis-cholera-feared,2023-11-19T11:52:06Z,"Khan Younis, Gaza Sewage flows in the streets of Gaza as all key sanitation services have ceased operating, raising the alarming prospect of an enormous surge of gastrointestinal and infectious disea… [+6830 chars]",2
medical-news-today,Medical News Today,,Mark Sedwill apologises for chickenpox party remarks during Covid,Dominic Cummings previously said Sedwill made the comments in a meeting early in pandemic.,https://www.bbc.co.uk/news/av/uk-politics-67359117,2023-11-08T13:44:42Z,"Mark Sedwill has apologised for remarks where he suggested that chickenpox-style parties could be held for Covid early in the pandemic. 
The former cabinet secretary and head of the civil service to… [+330 chars]",2
national-geographic,National Geographic,Ghada Ageel,An SOS call from Gaza,Israel's war on Gaza is paving the way for a new world order in which no civilian can find true safety.,https://www.aljazeera.com/opinions/2023/11/15/an-sos-call-from-gaza,2023-11-15T14:39:50Z,"On the morning of Sunday, November 12, I received a plea, an SOS, from my dear friend Shireen, a Christian Palestinian in Bethlehem. Ghada, do you know any institutions in Gaza, other than the Red Cr… [+8227 chars]",2
,[Removed],Sara Moniuszko,"Vaccination exemptions among kindergartners at record high, CDC reports","Vaccination exemptions among kindergarten children during the 2022-23 school year increased to 3% — the highest exemption rate ever reported in the United States, the CDC says.",https://www.cbsnews.com/news/school-vaccination-exemptions-record-kindergartners-cdc/,2023-11-09T18:07:00Z,"A record number of American kindergarten students started school last year with an exemption from one of the key vaccines health authorities require, according to new data from the Centers for Diseas… [+2033 chars]",2
nbc-news,NBC News,Erika Edwards,CDC reports highest childhood vaccine exemption rate ever in the U.S.,"A new CDC report finds that routine childhood vaccination exemptions reached an all-time high, leaving hundreds of thousands of  kids at risk of preventable diseases.",https://www.nbcnews.com/health/health-news/cdc-reports-highest-childhood-vaccine-exemption-rate-ever-rcna124363,2023-11-09T18:57:48Z,"The number of kids whose caregivers are opting them out of routine childhood vaccines has reached an all-time high, the Centers for Disease Control and Prevention reported Thursday, potentially leavi… [+3768 chars]",2
the-times-of-india,The Times of India,Erika Edwards,Disease runs rampant in Gaza as clean water runs out,Gastrointestinal illnesses are rising sharply in Gaza as fresh water runs. Poor sanitation poses a serious threat to health. Cases of chickenpox and scabies are also rising.,https://www.nbcnews.com/health/health-news/disease-runs-rampant-gaza-clean-water-runs-rcna125091,2023-11-15T20:26:55Z,"Other illnesses have also begun to ramp up in overcrowded shelters full of people who have had to flee their homes.
On Wednesday, the WHO said there had been approximately 72,000 cases of acute resp… [+732 chars]",2
nbc-news,NBC News,https://www.facebook.com/bbcnews,"Give toddlers chickenpox jab, advisers tell NHS","All children in UK should be protected against the virus at 12 and 18 months of age, advisers tell NHS.",https://www.bbc.co.uk/news/health-67414983,2023-11-14T10:44:36Z,"All children in UK should be given a chickenpox vaccine at 12 and 18 months of age, advisers tell NHS.
It will now be up to the government to take a final decision on whether to implement the recomm… [+1269 chars]",2
abc-news-au,ABC News (AU),The Associated Press,"UK experts recommend chickenpox shot for kids for the first time, decades after other countries","An expert scientific committee advising the British government recommended for the first time Tuesday that children should be immunized with the chickenpox vaccine — decades after the shots were made widely available in other countries, including the U...",https://abcnews.go.com/Health/wireStory/uk-experts-recommend-chickenpox-shot-kids-time-decades-104871947,2023-11-14T12:14:59Z,LONDON -- An expert scientific committee advising the British government recommended for the first time Tuesday that children should be immunized with the chickenpox vaccine decades after the shots w… [+2109 chars],2
abc-news-au,ABC News (AU),https://www.facebook.com/bbcnews,Boris Johnson urged to to remove Matt Hancock by top official,Lord Sedwill told the Covid inquiry there had been a loss of confidence in the former health secretary.,https://www.bbc.co.uk/news/uk-politics-67360460,2023-11-08T17:26:56Z,"Media caption, Watch: Mark Sedwill apologises for chickenpox party remarks during Covid
The UK's top official during the first part of the Covid pandemic has said he urged Boris Johnson to remove Ma… [+3609 chars]",2
the-times-of-india,The Times of India,MIKE STOBBE AP medical writer,U.S. childhood vaccination exemptions reach their highest level ever,The proportion of U.S. kindergartners exempted from school attendance vaccination requirements has hit its highest level ever,https://abcnews.go.com/Health/wireStory/us-childhood-vaccination-exemptions-reach-highest-level-104764464,2023-11-09T18:14:33Z,"NEW YORK -- The proportion of U.S. kindergartners exempted from school vaccination requirements has hit its highest level ever, 3%, U.S. health officials said Thursday.
More parents are questioning … [+4085 chars]",2
abc-news-au,ABC News (AU),Melissa Rudy,"Childhood vaccinations are at an all-time low, the CDC reveals","Children’s rates of immunization for the four state-required childhood vaccines are at an all-time low, according to a Thursday report from the Centers for Disease Control and Prevention.",https://www.foxnews.com/health/childhood-vaccinations-are-an-all-time-low-cdc-reveals,2023-11-10T21:16:07Z,"Childrens rates of vaccination
 in this country are at a record low, according to a Thursday report from the Centers for Disease Control and Prevention (CDC).
The report disclosed the number of Ame… [+2191 chars]",2
techcrunch,TechCrunch,NBC News and Mithil Aggarwal and Yuliya Talmazan and Doha Madani,IDF raids Al-Shifa hospital in Gaza,Follow NBC News' coverage for live updates about the Israel-Hamas war: The IDF raids Al-Shifa hospital in Gaza and fuel will be allowed in to the Palestinian enclave.,https://www.nbcnews.com/news/world/blog/israel-hamas-war-live-updates-rcna125258,2023-11-16T02:49:04Z,"TEL AVIV  The war is reshaping the economies and labor forces of the region.
Since the war began, at least 18 percent of the Israeli workforce is off the job, according to the Israel Ministry of Lab… [+33312 chars]",2
abc-news-au,ABC News (AU),Associated Press,"US sees alarming rise in childhood vaccine exemptions, health officials say","The U.S. is seeing an influx in children being exempt from school vaccination requirements, health officials say. The rise in exemptions is primarily due to nonmedical reasons.",https://www.foxnews.com/us/us-sees-alarming-rise-childhood-vaccine-exemptions-health-officials-say,2023-11-10T12:02:33Z,"The proportion of U.S. kindergartners exempted from school vaccination requirements has hit its highest level ever, 3%, U.S. health officials said Thursday.
More parents are questioning routine chil… [+4197 chars]",2
abc-news-au,ABC News (AU),Mary Kekatos,Routine childhood vaccination rates among kindergartners lower than pre-pandemic levels: CDC,Routine childhood vaccination rates among kindergartners lower than pre-pandemic levels: CDCgo.com,https://abcnews.go.com/Health/routine-childhood-vaccination-rates-kindergartners-lower-pre-pandemic/story?id=104753746,2023-11-09T18:25:45Z,"Vaccination rates among U.S. kindergartners for routine childhood shots have still not returned to pre-pandemic levels, according to new federal data published Thursday.
Researchers from the Centers… [+4333 chars]",2
national-geographic,National Geographic,Amanda Musa,Exemptions for required vaccines for US kindergarteners reach record high | CNN,"Fewer kindergartners are getting state-required vaccinations for measles and other diseases as the rate of non-medical vaccine exemptions increases to the highest rate ever reported in the United States, according to new data published Thursday in the US Cent…",https://www.cnn.com/2023/11/09/health/kindergarten-vaccine-exemptions/index.html,2023-11-09T21:53:01Z,"The percentage of kindergartners who received their state-required vaccines for measles remained below the federal target last school year, and the rate of vaccine exemptions for children reached the… [+4816 chars]",2
national-geographic,National Geographic,Jacqueline Howard,"In Gaza, disease could be even deadlier than airstrikes, WHO says | CNN","As the Israel-Hamas conflict continues, there’s growing concern about how the situation may raise the risk of disease and illness in Gaza.",https://www.cnn.com/2023/12/04/health/gaza-illness-disease/index.html,2023-12-04T11:37:44Z,"As the Israel-Hamas conflict continues, theres growing concern about how the situation may raise the risk of disease and illness in Gaza.
There could be more deaths in Gaza from disease and a broken… [+6482 chars]",2
newsweek,Newsweek,"Ed Power, Mimi Murray, Emer Roche","‘Christmas can be chaos but in the loveliest way’: Festive and funny tales with Thalia Heffernan, Katja Mia, Killian Sundermann and more","In this year’s fashion shoot, some well-known faces including friends, family members and couples share their most cherished memories, and long-standing traditions",https://www.irishtimes.com/life-style/fashion/2023/11/23/christmas-can-be-chaos-but-in-the-loveliest-way-festive-and-funny-tales-with-thalia-heffernan-katja-mia-killian-sundermann-and-more/,2023-11-23T06:02:00Z,"Friends Thalia Heffernan and Erica Cody
Best friends, Irish model Thalia Heffernan and musician Erica Cody met in 2018 through a mutual friend, over a boozy lunch and have never looked back. They sh… [+30683 chars]",2
bbc-news,BBC News,https://www.facebook.com/bbcnews,Bird flu kills hundreds of flamingos in Argentina,Locals have been warned not to touch the dead birds as the avian influenza virus can spread to humans.,https://www.bbc.co.uk/news/world-latin-america-67509697,2023-11-27T17:00:59Z,"An outbreak of bird flu has killed 220 flamingos in north-western Argentina, officials have confirmed.
The dead birds are of the James's flamingo species (Phoenicoparrus jamesi), which lives at high… [+1129 chars]",3
,[Removed],Maryn McKenna,The Long Quest for a Universal Flu Vaccine Finally Takes Its First Steps,The search for a shot that could protect us against many strains—and maybe a pandemic—is notching achievements at last. But the flu’s endless mutation and our own biology stand in the way.,https://www.wired.com/story/the-long-quest-for-a-universal-flu-vaccine-finally-takes-its-first-steps/,2023-11-10T12:00:00Z,"To work better than current formulas, a superior vaccine would need to anticipate the genetic drift of mutation and protect against more strains than circulate in a single season, plus confer protect… [+2701 chars]",3
abc-news-au,ABC News (AU),https://www.facebook.com/bbcnews,WHO seeks China data on 'pneumonia clusters' in children,The UN agency wants data on an outbreak reported by the media and disease monitoring systems.,https://www.bbc.co.uk/news/world-asia-china-67505218,2023-11-23T05:54:52Z,"The World Health Organization (WHO) has asked China for more information on ""clusters of undiagnosed pneumonia"" reportedly spreading amongst children in the north of the country.
Non-state media rep… [+1445 chars]",3
time,Time,Beth Mole,"“Mystery” pneumonia in China is mix of common respiratory germs, WHO says","Reports caused alarm, but experts say it looks like a post-COVID germ comeback.",https://arstechnica.com/health/2023/11/chinas-mystery-outbreak-likely-a-post-covid-surge-of-common-winter-germs/,2023-11-27T23:03:28Z,"Enlarge/ Parents with children who are suffering from respiratory diseases are lining up at a children's hospital in Chongqing, China, on November 23, 2023.
10 with 
Last week, news stories and a p… [+5150 chars]",3
new-scientist,New Scientist,Nathan Rennolds,WHO questions China about a mystery illness linked to pneumonia as hospitals fill with sick children,"Beijing has said that there were no new or unusual pathogens causing the illnesses, the South China Morning Post reported.",https://www.businessinsider.com/who-requests-data-china-mystery-illness-affecting-children-2023-11,2023-11-25T12:07:21Z,"Beijing, China.Martin Puddy/Getty Images
<ul><li>The World Health Organization has requested more information from China about an illness affecting children.</li><li>Chinese authorities reported an … [+2633 chars]",3
cbc-news,CBC News,Armani Syed,Slang Term ‘Rizz’ Is the Oxford University Press Word of the Year,"'Rizz,' slang derived from charisma, is defined as “style, charm, or attractiveness; the ability to attract a romantic or sexual partner.""",https://time.com/6342308/rizz-oxford-university-press-word-of-the-year/,2023-12-04T16:31:25Z,"The contrast between the prestigious Oxford University Press (OUP) and its selection of Gen Z slang word rizz as its word of the year is nothing short of comedic. 
The terman abbreviation of charism… [+2699 chars]",3
time,Time,https://www.facebook.com/bbcnews,Pope Francis cancels COP28 visit due to illness,"The Pope, 86, was due to begin a three-day visit to Dubai on Friday but has lung inflammation.",https://www.bbc.co.uk/news/world-europe-67561331,2023-11-28T20:29:09Z,"Pope Francis has cancelled his trip to the COP28 climate summit in Dubai due to influenza and lung inflammation, the Vatican said.
The Pope, 86, was due to begin a three-day visit on Friday.
Earlie… [+1764 chars]",3
bbc-news,BBC News,Bloomberg News,Could China’s Child Pneumonia Outbreak Spread? All You Need to Know,"For those outside China, the reports of respiratory-illness outbreaks have brought back memories of the early days of the COVID pandemic. But unlike COVID, mycoplasma is a well-known and common germ that tends to cause fresh outbreaks every few years.",https://time.com/6339380/china-children-pneumonia-outbreak-what-to-know/,2023-11-24T08:55:00Z,"Chinas health-care system is once again in the spotlight as a wave of pneumonia cases sweeps through the country, hitting kids particularly hard. The sudden increase in sick children, and a report su… [+3834 chars]",3
abc-news-au,ABC News (AU),Mallory Moench,Dogs Across the U.S. Are Falling Sick From a Mystery Illness. Here’s What to Know,"A respiratory illness with an unknown cause is sickening dogs in Oregon and other states, prompting warnings from veterinarians.",https://time.com/6337247/mystery-dog-illness-us-vet-advice/,2023-11-19T17:14:55Z,"A respiratory illness with an unknown cause is sickening dogs in Oregon and other states, prompting warnings from governments and veterinarians about keeping pets safe. 
From August to mid-November,… [+4391 chars]",3
fortune,Fortune,,U.K. detects first human case of 'distinct' form of swine flu,"Officials are racing to track the contacts of the United Kingdom's first human case of a ""distinct"" form of swine flu. On Monday, the U.K. Health Security Agency announced it had detected a single confirmed human case of influenza A(H1N2)v as part of routine …",https://www.cbc.ca/news/health/u-k-swine-flu-human-case-1.7041165,2023-11-27T19:13:23Z,"Officials are racing to track the contacts of the United Kingdom's first human case of a ""distinct"" form of swine flu.
On Monday, the U.K. Health Security Agency (UKHSA) announced it had detected a … [+2405 chars]",3
medical-news-today,Medical News Today,Al Jazeera,WHO asks China for more details on unexplained pneumonia outbreak,"Reports that children's hospitals in Beijing, Liaoning and other cities are 'overwhelmed with sick children'.",https://www.aljazeera.com/news/2023/11/23/who-asks-china-for-more-details-on-unexplained-pneumonia-outbreak,2023-11-23T02:16:49Z,"The World Health Organization (WHO) has asked Beijing for more information on an outbreak of mysterious pneumonia in northern China that appears mostly to be affecting children.
The WHO made an offi… [+3465 chars]",3
,[Removed],,WHO seeks details from China on respiratory illness outbreaks,"The World Health Organization has asked China for details on an increase in respiratory illnesses and reported clusters of pneumonia in children, which its China office on Thursday called a 'routine' check.",https://www.cbc.ca/news/health/world-health-organization-china-respiratory-illness-1.7037299,2023-11-23T12:26:15Z,"The World Health Organization (WHO) has asked China for details on an increase in respiratory illnesses and reported clusters of pneumonia in children, which its China office on Thursday called a ""ro… [+4304 chars]",3
the-times-of-india,The Times of India,,"Puerto Rico declares flu epidemic with 42 deaths, 900 hospitalizations","Over 25,000 cases of the flu have been reported in Puerto Rico since July, with 42 deaths and more than 900 hospitalizations, the island's health secretary said on Thursday.",https://www.cbsnews.com/news/puerto-rico-flu-epidemic-influenza-carlos-mellado/,2023-11-09T21:20:42Z,"Puerto Rico health officials on Thursday declared an influenza epidemic in the U.S. territory.
At least 25,900 cases have been reported since July, with 42 deaths and more than 900 hospitalizations … [+1864 chars]",3
nbc-news,NBC News,"Frances Martel, Frances Martel",Justin Trudeau Shows Off Tattoo for Vaccine Promo Video,Radical leftist Prime Minister Justin Trudeau published a video on Wednesday in which he claimed to receive doses of a Wuhan coronavirus booster shot and a vaccine against influenza — a promotional campaign to convince Canadians to do the same.,https://www.breitbart.com/health/2023/11/09/justin-trudeau-shows-off-tattoo-for-vaccine-promo-video/,2023-11-09T19:26:28Z,Radical leftist Prime Minister Justin Trudeau published a video on Wednesday in which he claimed to receive doses of a Wuhan coronavirus booster shot and a vaccine against influenza  a promotional ca… [+6288 chars],3
abc-news-au,ABC News (AU),"Simon Kent, Simon Kent",Nobody Panic: W.H.O. Says no 'Unusual or Novel Pathogens' Found in New China Respiratory Outbreaks,"No unusual or novel pathogens had been detected in clusters of child pneumonia cases now being reported in China, the World Health Organization (W.H.O.) said Thursday, as it sought to immediately allay fears of any prospect of a new global pandemic.",https://www.breitbart.com/asia/2023/11/24/nobody-panic-w-h-o-says-no-unusual-or-novel-pathogens-found-in-new-china-respiratory-outbreaks/,2023-11-24T11:31:14Z,"Suorthern China has reported an “increase in influenza-like illness” in the last six weeks compared to the same period over the past three years, the W.H.O. said.
“Some of these increases are earlie… [+416 chars]",3
cbc-news,CBC News,https://www.facebook.com/bbcnews,"UK human swine flu case: Why now, and what's next?","What you need to know about the first confirmed case of a new type of flu, found in North Yorkshire.",https://www.bbc.co.uk/news/health-67576300,2023-12-02T00:26:17Z,"Earlier this week, UK health officials confirmed a person in North Yorkshire had been infected by a new genetic strain of flu that's similar to one pigs get. 
The government agency in charge of prot… [+5602 chars]",3
nbc-news,NBC News,,China tells WHO no 'novel pathogens' detected after pneumonia clusters reported among kids,Reports of clusters of unexplained pneumonia among children in multiple cities in China made headlines this week. Yet Chinese authorities and close watchers of the situation say the rise in illness is likely linked to known threats circulating after the count…,https://www.cbc.ca/news/health/china-tells-who-no-novel-pathogens-detected-after-pneumonia-clusters-reported-among-kids-1.7037960,2023-11-23T21:06:23Z,Reports of clusters of unexplained pneumonia among children in multiple cities in China made headlines this week. Yet Chinese authorities and close watchers of the situation say the rise in illness i… [+4010 chars],3
time,Time,The Associated Press,China says a surge in respiratory illnesses is caused by flu and other known pathogens,"A surge in respiratory illnesses across China is caused by the flu and other known pathogens and not by a novel virus, the country’s health ministry said.",https://www.nbcnews.com/news/world/china-says-surge-respiratory-illnesses-caused-flu-known-pathogens-rcna126740,2023-11-27T03:39:07Z,"BEIJING A surge in respiratory illnesses across China that has drawn the attention of the World Health Organization is caused by the flu and other known pathogens and not by a novel virus, the countr… [+2908 chars]",3
the-irish-times,The Irish Times,,"COVID-19 numbers down, flu and RSV up in B.C.","New data suggests that COVID-19 activity in British Columbia is trending downward, while influenza and RSV are on the rise.",https://www.cbc.ca/news/canada/british-columbia/covid-19-flu-rsv-bc-1.7032348,2023-11-17T21:55:25Z,"New data suggests that COVID-19 activity in British Columbia is trending downward, while influenza and RSV are on the rise.
A weekly update provided Thursday by the B.C. Centre for Disease Control s… [+678 chars]",3
abc-news-au,ABC News (AU),William Brederode,"News24 | While SA’s devastating bird flu outbreak abates, researchers work to eradicate virus","Newly released research has shown the potential of gene editing technology to break the back of the avian influenza virus which recently swept across South Africa, resulting in the culling of nine million birds.",https://www.news24.com/news24/tech-and-trends/news/while-sas-devastating-bird-flu-outbreak-abates-researchers-work-to-eradicate-virus-20231114,2023-11-14T06:40:38Z,"Newly released research showed
the potential of gene editing technology to break the back of the avian
influenza virus which recently swept across South Africa, resulting in the
culling of nine mi… [+487 chars]",3
national-geographic,National Geographic,Bloomberg,China tells the WHO that known germs—not a new novel virus like COVID-19—are behind surge in kids’ pneumonia,"The Chinese CDC and Beijing Children’s Hospital told the WHO that the surge is due to the spread of mycoplasma pneumoniae, respiratory syncytial virus, adenovirus and influenza.",https://fortune.com/2023/11/24/china-tells-who-known-germs-not-new-novel-virus-covid-19-behind-surge-kids-pneumonia/,2023-11-24T09:45:30Z,"Chinese health authorities told the World Health Organization that the source of an outbreak of respiratory diseases among children are known pathogens, after reports about a surge in illness sparked… [+2282 chars]",3
the-times-of-india,The Times of India,Erin Prater,The UK has detected its first human case of a new type of swine flu. What you need to know,"Symptoms of influenza A(H1N2)v were mild in the individual, who has fully recovered, health authorities said. But how they contracted the virus remains unknown.",https://fortune.com/well/2023/11/27/ah1n2v-swine-flu-detected-united-kingdom-first-time-h1n1-avian-bird-influenza-1b11/,2023-11-27T19:18:54Z,"A new type of swine flu has been detected in a United Kingdom human for the first time, the regions Health Security Agency announced Monday.Symptoms of influenza A(H1N2)v, clade 1b.1.1, were mild in … [+3567 chars]",3
bbc-news,BBC News,Alexander Tin,"COVID-19 increasing again, especially in Midwest, Mid-Atlantic, CDC says","Cases of other respiratory illnesses, including flu and RSV, are also on the rise.",https://www.cbsnews.com/news/covid-19-increasing-again-cdc-midwest-mid-atlantic/,2023-12-01T21:42:00Z,"Several key COVID-19 trends that authorities track are now accelerating around the country, the Centers for Disease Control and Prevention announced Friday. It's the first major nationwide uptick in … [+4291 chars]",3
nbc-news,NBC News,,"B.C. counts over 1M flu vaccines, almost 850K COVID-19 vaccines administered in past 6 weeks","COVID-19 rates are dropping while RSV and influenza rates are beginning to rise, according to Provincial Health Officer Dr. Bonnie Henry.",https://www.cbc.ca/news/canada/british-columbia/covid19-outbreak-saanich-peninsula-hospital-bc-respiratory-virus-influenza-bird-flu-1.7025416,2023-11-10T20:06:28Z,"Close to 1,073,000 doses of influenza vaccine and almost 850,000 COVID-19 vaccines have been administered to British Columbians since the province's fall vaccination program started six weeks ago.
T… [+3599 chars]",3
the-times-of-india,The Times of India,Erika Edwards,"'Sustained increases' reported in flu nationwide, as RSV hits kids hard","Just ahead of Thanksgiving and winter holidays, the U.S. is facing a deluge of viral illnesses. Flu and RSV cases are rising. What's happening with Covid?",https://www.nbcnews.com/health/health-news/flu-covid-rsv-vaccine-holiday-travel-rcna125595,2023-11-17T21:07:17Z,"The U.S. is once again facing a deluge of viral illness on the cusp of Thanksgiving and other winter holiday gatherings. 
While flu activity is still simmering at low levels overall, ""we are now see… [+4624 chars]",3
abc-news-au,ABC News (AU),,Avian influenza on the rise in B.C. with 16 outbreaks reported since October,"Avian flu is spreading rapidly again through poultry farms in British Columbia, with the virus discovered in half a dozen commercial flocks this week alone.",https://www.cbc.ca/news/canada/british-columbia/avian-influenza-bc-1.7022535,2023-11-08T21:51:01Z,"Avian flu is spreading rapidly again through poultry farms in British Columbia, with the virus discovered in half a dozen commercial flocks this week alone.
Birds at eight commercial poultry farms i… [+1917 chars]",3
techcrunch,TechCrunch,Aleks Phillips,Flu Outbreak Map as Child's Death Sparks Fears About Spread of Virus,"There are more walk-ins with a respiratory illness in southeastern states in the latest recorded week, with the first pediatric flu death in Mississippi.",https://www.newsweek.com/flu-map-influenza-cdc-child-death-mississippi-1845152,2023-11-20T12:51:48Z,"Cases of influenza are on the rise across the country with the number of people visiting hospital with a respiratory illness above the national baseline for a second week in a row, as a map of record… [+3662 chars]",3
national-geographic,National Geographic,Micah McCartney,How China's COVID Restrictions Led to Disease Rampage: 'Immunity Gap',"Hospitals in northern China are being overwhelmed amid a spike in respiratory infections, especially among children.",https://www.newsweek.com/china-pneumonia-cases-worsened-covid-restrictions-1847381,2023-11-28T10:15:33Z,"China is facing a significant upsurge in respiratory illnesses, particularly among children, with experts attributing the unusually large seasonal outbreak to an ""immunity gap"" created by the country… [+4059 chars]",3
national-geographic,National Geographic,Aleks Phillips,Flu and Pneumonia Map Shows US States With Highest Death Rates,"There is a vast difference in average historic mortality rates across America, with Mississippi, Alabama, Hawaii and Tennessee among those with the worst.",https://www.newsweek.com/influenza-pneumonia-map-us-states-highest-death-rates-1849555,2023-12-05T12:16:25Z,"Mississippi, Alabama, Hawaii and Tennessee are among the states with the highest average death rates due to cases of influenza and pneumonia, according to recent historical trends in data produced by… [+3642 chars]",3
newsweek,Newsweek,,B.C. poultry staff told to vaccinate against flu as avian strains spread among birds,"Dr. Bonnie Henry says while avian flu does not transmit easily from birds to humans, infections ""can happen and are very concerning'' because of the potential for the virus to mix with human influenza and mutate into something much more contagious.",https://www.cbc.ca/news/canada/british-columbia/avian-flu-vaccinations-1.7026113,2023-11-11T02:13:41Z,"British Columbia's provincial health officer says people living or working on poultry farms should ""prioritize'' getting influenza vaccinations as avian flu spreads among flocks this fall.
Dr. Bonni… [+1534 chars]",3
abc-news-au,ABC News (AU),Khristopher J. Brooks,Here's how much a typical Thanksgiving Day feast will cost this year,Consumers can expect modestly lower costs to prepare their Thanksgiving Day meal — here's why.,https://www.cbsnews.com/news/how-much-does-thanksgiving-dinner-cost-2023/,2023-11-17T22:12:05Z,"The cost of preparing your Turkey Day feast is likely to be cheaper this year — and you can thank the turkey.
Turkey costs per pound fell to $1.25 in September, down 43 cents from a year earlier, ac… [+2090 chars]",3
abc-news-au,ABC News (AU),BY TZVI JOFFRE,New variant of bird flu spotted in Netherlands,A new case of H5N1 avian influenza was recently found in a Marbled teal in Yehud in central Israel.,https://www.jpost.com/health-and-wellness/article-773983,2023-11-19T02:39:52Z,"A new variant of the H5N1 subtype of highly pathogenic avian influenza has been spotted in the Netherlands, the Wageningen Bioveterinary Research Institute at Wageningen University reported on Thursd… [+2041 chars]",3
abc-news-au,ABC News (AU),ABC News,Leading scientists urge caution over new pandemic fears amid pneumonia clusters in China,Chinese health authorities have provided data requested by the World Health Organisation (WHO) on an increase in respiratory illnesses and reported clusters of pneumonia in children.,https://www.abc.net.au/news/2023-11-24/who-china-respiratory-illness-pandemic-fears/103145302,2023-11-23T21:12:59Z,"Chinese officials say they did not detect any ""unusual or novel diseases"" in the country following a spike in respiratory illnesses and clusters of pneumonia in children, according to the World Healt… [+4012 chars]",3
cnn,CNN,Micah McCartney,"Doctor Describes China's Overwhelmed Hospitals: ""Verge of Collapse""","Hospital staff in northern China recount long, harrowing shifts amid a surge in respiratory illnesses.",https://www.newsweek.com/china-doctor-recounts-hospital-overwhelmed-respiratory-cases-1848225,2023-11-30T11:04:10Z,"Amid the recent surge in respiratory illnesses in northern China, one doctor has estimated the hospital where she works received two to three times as many daily patients as in the COVID-19 pandemic.… [+3696 chars]",3
abc-news,ABC News,,Influenza is here. What can Albertans expect?,"While influenza has been gaining traction in the province later in the season than last year, there are concerns that with COVID-19 hospitalizations remaining high, hospitals could struggle under the increasing pressure.",https://www.cbc.ca/news/canada/calgary/influenza-calgary-alberta-covid-hospitalizations-1.7035677,2023-11-22T12:00:00Z,"Influenza has arrived in Alberta and while its gaining traction later in the season than last year, some are concerned that with COVID-19 hospitalizations remaining high, hospitals could struggle und… [+3833 chars]",3
abc-news,ABC News,,"Avian flu expands across B.C., endangering poultry, birds of prey, and other wildlife","As bird flu devastates a growing number of poultry farms in B.C., wildlife experts are raising alarm about the deadly virus' impact on wild animal species as well.",https://www.cbc.ca/news/canada/british-columbia/avian-flu-b-c-poultry-1.7031940,2023-11-18T03:54:14Z,"As bird flu devastates a growing number of poultry farms in B.C., wildlife experts are raising alarm about the deadly virus' impact on wild animals and the possible threat of it turning into another … [+5184 chars]",3
abc-news,ABC News,,"COVID-19 and flu set to peak over holiday season in Ontario, Moore urges vaccinations","Ontario's top doctor says there is ""a lot"" of COVID-19 circulating in the province right now, and levels of both that virus and influenza are on the rise.",https://www.cbc.ca/news/canada/toronto/covid-19-vaccines-ontario-1.7048389,2023-12-04T17:38:43Z,"Ontario's top doctor says there is ""a lot"" of COVID-19 circulating in the province right now, and levels of both that virus and influenza are on the rise.
Chief Medical Officer of Health Dr. Kieran … [+692 chars]",3
al-jazeera-english,Al Jazeera English,"Amy Furr, Amy Furr",Bird Flu Outbreak at Georgia Farm Means 30K Ducks Will Be Euthanized,"The first cases in 2023 of avian flu, also known as bird flu, have been confirmed at a duck breeding facility in Sumter County, Georgia, Fox 5 reported Thursday.",https://www.breitbart.com/health/2023/11/24/bird-flu-outbreak-georgia-farm-means-30k-ducks-will-be-euthanized/,2023-11-24T15:15:57Z,"The first cases in 2023 of avian flu, also known as bird flu, have been confirmed at a duck breeding facility in Sumter County, Georgia, Fox 5 reported Thursday.
The farm’s outbreak of Highly Pathog… [+2223 chars]",3
,[Removed],Solcyre Burga,Turkeys Cost Less This Thanksgiving. Here’s Why,The cost of your Thanksgiving turkey will be slightly lower this year,https://time.com/6337711/turkey-cost-less-thanksgiving-why/,2023-11-20T18:25:21Z,"The cost of your Thanksgiving turkey will be slightly lower this year, with the centerpiece of your holiday dinner table down 5.6% from the year prior, according to the American Farm Bureau Federatio… [+2445 chars]",3
,[Removed],ABC News,Your nose is the window to your brain — and some potentially deadly infections,"The shortest distance from the outside world to your brain is up your nose. While this is fantastic for detecting odours, it can be deadly when dangerous microbes use this pathway, writes Dr Lynn Nazareth.",https://www.abc.net.au/news/science/2023-12-05/nose-window-to-brain-and-potentially-deadly-infections/102496464,2023-12-04T19:00:00Z,"""Don't pick your nose!"" you may have been told as a kid. As an adult you wonder, is digging snot out with your finger really that bad?
A recent study suggests you should definitely listen to the adv… [+6845 chars]",3
bbc-news,BBC News,Associated Press,"Puerto Rico declares flu epidemic with 42 deaths, over 900 hospitalizations","Puerto Rico health officials have declared an influenza epidemic in the U.S. territory with at least 25,900 cases reported since July and 42 deaths.",https://www.nbcnews.com/news/latino/puerto-rico-declares-flu-epidemic-42-deaths-900-hospitalized-rcna124470,2023-11-09T18:53:07Z,"SAN JUAN, Puerto Rico Puerto Rico health officials on Thursday declared an influenza epidemic in the U.S. territory.
At least 25,900 cases have been reported since July, with 42 deaths and more than… [+543 chars]",3
,[Removed],Tom Norton,China's Respiratory Illness Concerns Explained,An uptick in respiratory illnesses among children in China has triggered investigations by health authorities.,https://www.newsweek.com/china-respiratory-illness-concerns-explained-1848487,2023-11-30T18:47:31Z,"A rise in respiratory illnesses in China, particularly among children, has made headlines over the past few weeks, with global health authorities trying to estimate the scale and severity of illness.… [+8201 chars]",3
cbs-news,CBS News,,Pope Francis cancels trip to Dubai climate conference due to illness,"The pope, who was slated to speak Saturday at COP28 in Dubai on climate issues, announced Sunday he was fighting a lung inflammation.",https://www.cbsnews.com/news/pope-francis-cancels-cop28-dubai-trip-flu-lung-inflammation/,2023-11-28T20:38:00Z,"Pope Francis has canceled a planned trip to Dubai, where he was scheduled to speak at a climate conference, based on his doctors' advice, Vatican spokesman Matteo Bruni said Tuesday in a statement. … [+3030 chars]",3
nbc-news,NBC News,Velvet Winter,'Rizz' named Oxford Dictionary's word of the year,"""Swiftie"" and ""prompt"" are among the words to have missed out on the Oxford Dictionary's top gong, which has gone to ""Rizz"" — a shortening of the word charisma.",https://www.abc.net.au/news/2023-12-05/oxford-dictionary-names-rizz-word-of-the-year/103188766,2023-12-04T23:16:11Z,"It might still throw up a squiggly red line on Word but ""rizz"" has been officially named the word of the year by the Oxford Dictionary.
The UK publication combs through millions of words a year to f… [+3122 chars]",3
nbc-news,NBC News,https://www.facebook.com/bbcnews,Human case of flu from pigs found in UK,It's the first time that influenza strain A(H1N2)v has been detected in the UK.,https://www.bbc.co.uk/news/health-67545375,2023-11-27T13:13:45Z,"One person in the UK has been confirmed to have a strain of flu similar to viruses spreading in pigs, health officials say.
It's the first time it's been detected in the UK and close contacts are no… [+222 chars]",3
bbc-news,BBC News,BY TZVI JOFFRE,Bird flu found at turkey coop in central Israel,The outbreak is the second reported in the past month and the fifth reported in Israel this season.,https://www.jpost.com/health-and-wellness/article-775708,2023-11-29T14:58:26Z,"Turkeys at a coop in Tsor'a in central Israel were found to be infected with bird flu, the Agriculture Ministry said Wednesday.
The coop houses 10,500 birds in four buildings. All coops within 10 km… [+2437 chars]",3
abc-news,ABC News,,Physicians warn Quebec's ERs are over capacity as respiratory viruses increase,"Physicians are saying a rise in Respiratory syncytial virus (RSV), influenza and COVID-19 are overburdening an already fragile health care system. The government is partially blaming the strikes as hospitals function at lower capacity.",https://www.cbc.ca/news/canada/montreal/respiratory-viruses-clog-up-emergency-rooms-quebec-1.7047960,2023-12-04T17:01:00Z,"Physicians are warning that a surge in respiratory viruses are starting to clog up Quebec's emergency rooms and many of them are well above capacity.
According to Amélie Boisclair, an intensive care… [+2104 chars]",3
,[Removed],TIMESOFINDIA.COM,"Pneumonia outbreak in China: Health minister Mandaviya says govt monitoring situation, taking measures","Amid a surge in cases of mycoplasma pneumonia and influenza flu in China, Union health minister Mansukh Mandaviya on Saturday said that the government is monitoring the situation and taking necessary steps. ""The government is monitoring the situation. The ICM…",https://timesofindia.indiatimes.com/india/pneumonia-outbreak-in-china-health-minister-mandaviya-says-govt-monitoring-situation-taking-measures/articleshow/105497104.cms,2023-11-25T11:34:42Z,10 most beautiful lines by English Romantic poets,3
,[Removed],Matthew Tostevin,China's Raging Pneumonia Outbreak – Is it COVID All Over Again?,"Chinese hospitals are overloaded with patients, many of them children, reporting respiratory illnesses, prompting comparisons with the start of COVID-19.",https://www.newsweek.com/china-epidemic-pneumonia-respiratory-disease-covid-illness-outbreak-1846770,2023-11-24T16:17:54Z,"Hospitals in parts of China are overloaded with patients, many of them children, who are suffering from a surging pneumonia epidemic that has prompted comparisons to COVID-19, which was first identif… [+4685 chars]",3
,[Removed],Micah McCartney,"U.S. Envoy Tells China to Stop ""COVID deception"" Over Pneumonia Outbreak",Beijing has told the WHO the respiratory illnesses surging across China are not caused by a new pathogen.,https://www.newsweek.com/china-grey-zone-strategy-south-china-sea-1846547,2023-11-24T14:46:48Z,"The U.S. ambassador to Japan, Rahm Emanuel, called on China to be transparent about the pneumonia outbreak spreading across the country and urged Chinese authorities ""to abandon COVID deception"".
Th… [+3099 chars]",3
bbc-news,BBC News,Micah McCartney,Doctors Fear for China's Elderly As Disease Peak Approaches,"China's current wave of respiratory infections has largely hit children, but experts say that may change as the holiday season approaches.",https://www.newsweek.com/doctor-fears-china-outbreak-may-hit-elderly-next-1847485,2023-11-28T16:07:20Z,"A medical expert in China has warned that the ongoing wave of respiratory infections such as ""walking pneumonia,"" predominately affecting children, may target the country's elderly next.
Older Chine… [+3109 chars]",3
,[Removed],Micah McCartney,WHO Wants More Answers From China on Pneumonia Outbreak,A WHO official says the global health agency is looking into antibiotic resistance in China.,https://www.newsweek.com/who-seeks-more-information-about-illnesses-china-1848333,2023-11-30T13:11:18Z,"The World Health Organization (WHO) is ""following up"" with China about its ongoing wave of respiratory infections, an official said Wednesday.
The health agency is also seeking to learn more about a… [+2917 chars]",3
abc-news,ABC News,Micah McCartney,China's Neighbor on 'High Alert' Amid Major Disease Outbreak,Taiwan has recommended being up-to-date on vaccinations before visiting China and asked arrivals from China to report symptoms of mycoplasma pneumonia.,https://www.newsweek.com/taiwan-vigilant-amid-china-pneumonia-cases-outbreak-1846981,2023-11-27T16:13:19Z,"Taiwan is being vigilant as neighboring China grapples with a surge in respiratory illnesses, predominantly among children, that has inundated hospitals with young patients in the past week.
The Tai… [+3735 chars]",3
,[Removed],Aleks Phillips,CDC Speaks Out Over China's Pneumonia Outbreak as Concerns Grow,"The health agency said it was monitoring the situation, and that the rise in hospitalizations was due to ""simultaneous increases in a number of known"" diseases.",https://www.newsweek.com/cdc-speaks-out-china-pneumonia-outbreak-1847459,2023-11-28T11:46:37Z,The Centers for Disease Control and Prevention (CDC) is communicating with health officials in China as fears grow over an outbreak of infectious respiratory diseases that has caused clusters of pneu… [+3736 chars],3
,[Removed],Micah McCartney,Map Shows Spread of Pneumonia Outbreak Across China,Northern China is the hardest-hit region in the ongoing wave of respiratory illnesses.,https://www.newsweek.com/map-pneumonia-hot-spots-china-1846549,2023-11-24T20:21:38Z,"Parts of northern China are experiencing a dramatic increase in respiratory illnesses, particularly among children.
The Chinese national and local governments are not publishing infection numbers or… [+3632 chars]",3
,[Removed],"Hannah Bleau Knudsen, Hannah Bleau Knudsen",Bloomberg Wonders if It Is 'Safe to Dine Indoors' Because 'Covid Is Back',"It has been nearly four years since the start of the coronavirus pandemic, but that is not stopping Bloomberg from legitimately addressing if it is ""safe to dine indoors"" as winter approaches and ""Covid"" comes ""back.""",https://www.breitbart.com/politics/2023/11/16/bloomberg-addresses-safe-dine-indoors-because-covid-back/,2023-11-16T18:29:44Z,"It has been nearly four years since the start of the coronavirus pandemic, but that is not stopping Bloomberg from legitimately addressing if it is “safe to dine indoors” as winter approaches and “Co… [+3534 chars]",3
,[Removed],,"COVID-19 waning in province with decreasing hospital admissions and deaths, BCCDC data shows","New data suggest a recent surge in COVID-19 activity in B.C. appears to be waning, with the number of hospital admissions, deaths and positive tests all down sharply.",https://www.cbc.ca/news/canada/british-columbia/covid19-bc-november-2023-1.7025331,2023-11-10T19:27:40Z,"New data suggest a recent surge in COVID-19 activity in British Columbia appears to be waning, with the number of hospital admissions, deaths and positive tests all down sharply.
An update released … [+792 chars]",3
fox-news,Fox News,,"Health authority declares COVID-19 outbreak at Victoria-area hospital, after 15 cases reported","A COVID-19 outbreak has been declared at the centre unit of Saanich Peninsula Hospital, with 15 patients infected and experiencing mild illness, according to Island Health.",https://www.cbc.ca/news/canada/british-columbia/covid19-outbreak-saanich-peninsula-hospital-bc-1.7025416,2023-11-10T20:06:28Z,"A COVID-19 outbreak has been declared at a Victoria-area hospital.
Island Health said in a statement the outbreak was declared Thursday at the centre unit of Saanich Peninsula Hospital, with 15 pati… [+1494 chars]",3
nbc-news,NBC News,BY JUDY SIEGEL-ITZKOVICH,"‘Tired’ of getting vaccinated, Israelis are reluctant to get flu shots",Israelis are apparently 'tired' of shots after having to get so many COVID-19 shots and are not sufficiently aware of the risks of not being protected.,https://www.jpost.com/health-and-wellness/article-775360,2023-11-27T13:23:30Z,"Although doctors recommend that everyone over the age of six months get vaccinated against influenza this year, the most urgent are the elderly, people of all ages suffering from chronic illnesses an… [+3098 chars]",3
wired,Wired,Elizabeth Byrne,'Do not have time to go back': Triage nurse defends not taking 5yo Rozalia Spadafora's blood pressure before her death,An ACT Coroner's Court inquest is considering mistakes made by Canberra Hospital staff that delayed the diagnosis of five-year-old Canberra girl Rozalia Spadafora before her death.,https://www.abc.net.au/news/2023-12-04/rozalia-spadafora-death-inquest-canberra-hospital-triage-nurse/103187470,2023-12-04T07:21:37Z,"The nurse who triaged five-year-old Canberra girl Rozalia Spadafora has defended not taking the girl's blood pressure at an inquest into her death.
Key points:
<ul><li>Rozalia Spadafora died at the… [+3726 chars]",3
bbc-news,BBC News,Olivia Mason,"The best way to minimise illness risk on cruises, after Grand Princess COVID and gastro outbreak","We hear about outbreaks of illnesses like COVID-19 and gastro on cruise ships, but are you more likely to become unwell on a ship and how can you stay safe?",https://www.abc.net.au/news/2023-11-14/the-best-way-to-minimise-illness-risk-on-cruises/103101220,2023-11-14T01:25:51Z,"A cruise ship that docked in Adelaide this week has garnered national headlines due to a simultaneous outbreak of COVID-19 and gastroenteritis.
Despite the dual illnesses, health authorities declare… [+5007 chars]",3
ars-technica,Ars Technica,The Associated Press,4 out of 5 Mexicans who got a flu shot this year turned down Cuban and Russian COVID-19 vaccines,Four out of five people in Mexico who got influenza shots so far this year turned down the government's recommendation they get Russian or Cuban COVID-19 boosters at the same time,https://abcnews.go.com/Health/wireStory/4-5-mexicans-flu-shot-year-turned-cuban-105079160,2023-11-21T21:35:00Z,"MEXICO CITY -- Four out of five people in Mexico who got influenza shots so far this year turned down the governments recommendation that they get Russian or Cuban COVID-19 boosters at the same time,… [+1900 chars]",3
business-insider,Business Insider,BY REUTERS,WHO asks China for details on outbreak of mysterious respiratory illness,Both China and the WHO have faced questions about the transparency of reporting on the earliest COVID-19 cases that emerged in the central Chinese city of Wuhan in late 2019.,https://www.jpost.com/health-and-wellness/article-774701,2023-11-23T07:26:05Z,"The World Health Organization (WHO) has asked China for details on an increase in respiratory illnesses and reported clusters of pneumonia in children, which its China office on Thursday called a ""ro… [+3574 chars]",3
time,Time,Clare Wilson,H1N2 swine flu: UK's first human case recovers after mild illness,Infected person has made full recovery but officials are investigating where they caught the virus and whether they may have passed it to other people,https://www.newscientist.com/article/2404969-h1n2-swine-flu-uks-first-human-case-recovers-after-mild-illness/,2023-11-27T16:58:16Z,"Flu viruses can occasionally jump from pigs to humans
VWPics/imageBROKER/Shutterstock
English health officials are tracing the contacts of a person in North Yorkshire who seems to have caught a flu… [+2231 chars]",3
bbc-news,BBC News,Micah McCartney,Chinese Hospitals Overloaded in Echoes of COVID as Pneumonia Rampages,The WHO says China's health authorities have assured it no novel pathogen is to blame.,https://www.newsweek.com/children-respiratory-flood-chinese-hospitals-1846551,2023-11-24T11:05:29Z,"China is grappling with an alarming surge in respiratory illness, particularly among children, in many parts of the country, according to reports in local media, state news outlets and most recently … [+5089 chars]",3
time,Time,Khaleda Rahman,How China's Pneumonia Outbreak Compares to COVID Pandemic Origins,"""This is not an indication of a novel pathogen,"" the World Health Organization's Maria Van Kerkhove said of a recent spike in respiratory illnesses in China.",https://www.newsweek.com/chinas-pneumonia-outbreak-compares-pandemic-origins-1847073,2023-11-27T13:54:16Z,"A surge in respiratory illnesses across China, including clusters of pneumonia in children, is not caused by a novel virus, Chinese and World Health Organization officials said.
The WHO recently for… [+4104 chars]",3
time,Time,Kitty Holland,Flu vaccine extended to teenagers aged 13 - 17 as parents urged to have children vaccinated before Christmas,HSE expects virus to start circulating more widely in coming weeks,https://www.irishtimes.com/health/2023/12/04/flu-vaccine-extended-to-teenagers-aged-13-17-as-parents-urged-to-have-children-vaccinated-before-christmas/,2023-12-04T00:01:00Z,Parents of children and young adults are being urged to get them the nasal flu vaccine before Christmas amid warnings that the circulation of the virus is increasing and younger people are twice as l… [+1583 chars],3
cbc-news,CBC News,Kitty Holland,Parents urged to have children vaccinated against flu in advance of Christmas,HSE expects virus to start circulating more widely in coming weeks,https://www.irishtimes.com/health/2023/12/04/parents-urged-to-have-children-vaccinated-against-flu-in-advance-of-christmas/,2023-12-04T00:01:00Z,Parents of children and young adults are being urged to get them the nasal flu vaccine before Christmas amid warnings that the circulation of the virus is increasing and younger people are twice as l… [+1583 chars],3
al-jazeera-english,Al Jazeera English,,Nova Scotia reports 35 COVID-19 deaths since August 2023,Nova Scotia's Respiratory Watch report noted there have been zero influenza deaths reported so far in the 2023-24 season.,https://www.cbc.ca/news/canada/nova-scotia/nova-scotia-reports-35-covid-19-deaths-since-august-2023-1.7035014,2023-11-21T19:12:40Z,"There have been 35 COVID-19 deaths since August 27, 2023, according to the most recent Nova Scotia Respiratory Watch report.
The number of COVID-19 deaths are down from around the same time in 2022,… [+742 chars]",3
,[Removed],ABC News,COVID cases are surging again but there are lots of ways to protect yourself — starting with wearing a mask,"Wearing a mask at the shops, on public transport and in other crowded settings will help prevent you from getting infected with COVID or spreading it to other people, writes Raina MacIntyre.",https://www.abc.net.au/news/2023-11-21/covid-surging-australia-should-i-wear-a-mask/103126620,2023-11-20T18:15:00Z,"COVID is on the rise again, with a peak likely over the holiday season.
Given this, health authorities in a number of Australian states have recommended people start wearing masks again. In Western … [+4156 chars]",3
cbc-news,CBC News,"Simon Kent, Simon Kent","Elites Meet: 70,000+ Attendees Flying to Dubai for COP 28 Climate Summit","Ladies and gentlemen, please return your seats and tray tables to an upright position, fasten your seatbelts and prepare for landing... That is the order more than 70,000 people will hear as they arrive by private and commercial jets to attend the COP 28 clim…",https://www.breitbart.com/europe/2023/11/29/elites-meet-70000-attendees-flying-to-dubai-for-cop-28-climate-summit/,2023-11-29T12:12:05Z,"Ladies and gentlemen, please return your seats and tray tables to an upright position, fasten your seatbelts and prepare for landing… That is the order more than 70,000 people will hear as they arriv… [+4384 chars]",3
,[Removed],The Associated Press,Puerto Rico declares flu epidemic as cases spike. 42 dead and more than 900 hospitalized since July,Health officials in Puerto Rico have declared a flu epidemic,https://abcnews.go.com/Health/wireStory/puerto-rico-declares-flu-epidemic-cases-spike-42-104763692,2023-11-09T17:58:09Z,"SAN JUAN, Puerto Rico -- Puerto Rico health officials on Thursday declared an influenza epidemic in the U.S. territory.
At least 25,900 cases have been reported since July, with 42 deaths and more t… [+546 chars]",3
cbs-news,CBS News,The Associated Press,China says a surge in respiratory illnesses is caused by flu and other known pathogens,China’s health ministry says a surge in respiratory illnesses across the country that has drawn the attention of the World Health Organization is caused by the flu and other known pathogens and not by a novel virus,https://abcnews.go.com/International/wireStory/china-surge-respiratory-illnesses-caused-flu-pathogens-105159643,2023-11-26T12:21:55Z,"BEIJING -- A surge in respiratory illnesses across China that has drawn the attention of the World Health Organization is caused by the flu and other known pathogens and not by a novel virus, the cou… [+2920 chars]",3
breitbart-news,Breitbart News,Ben Tracy,"COP28 climate summit: Who's going, who's not, and will it matter?",The global U.N. climate summit known as COP28 gets underway this week in Dubai. Here's what to know — and why it matters.,https://www.cbsnews.com/news/cop28-climate-change-summit-dubai-uae-2023/,2023-11-28T20:05:12Z,"The annual United Nations climate talks get underway this week. The conference, known as COP28, brings together thousands of leaders from around the world, including top government and business offic… [+6913 chars]",3
